fips_code,county,state_name,LSAD
1081,Lee,Alabama,County
13007,Baker,Georgia,County
17031,Cook,Illinois,County
51159,Richmond,Virginia,County
26005,Allegan,Michigan,County
26161,Washtenaw,Michigan,County
31029,Chase,Nebraska,County
13141,Hancock,Georgia,County
36057,Montgomery,New York,County
37047,Columbus,North Carolina,County
40105,Nowata,Oklahoma,County
72043,Coamo,Puerto Rico,Muno
8007,Archuleta,Colorado,County
22063,Livingston,Louisiana,Parish
27011,Big Stone,Minnesota,County
27067,Kandiyohi,Minnesota,County
24017,Charles,Maryland,County
28011,Bolivar,Mississippi,County
19051,Davis,Iowa,County
31067,Gage,Nebraska,County
54073,Pleasants,West Virginia,County
8067,La Plata,Colorado,County
17099,LaSalle,Illinois,County
23011,Kennebec,Maine,County
26143,Roscommon,Michigan,County
55085,Oneida,Wisconsin,County
48147,Fannin,Texas,County
72037,Ceiba,Puerto Rico,Muno
6057,Nevada,California,County
20175,Seward,Kansas,County
22125,West Feliciana,Louisiana,Parish
48009,Archer,Texas,County
51036,Charles City,Virginia,County
1091,Marengo,Alabama,County
5079,Lincoln,Arkansas,County
18131,Pulaski,Indiana,County
19027,Carroll,Iowa,County
21081,Grant,Kentucky,County
42069,Lackawanna,Pennsylvania,County
48167,Galveston,Texas,County
17097,Lake,Illinois,County
45029,Colleton,South Carolina,County
30083,Richland,Montana,County
31077,Greeley,Nebraska,County
35033,Mora,New Mexico,County
48137,Edwards,Texas,County
31009,Blaine,Nebraska,County
36027,Dutchess,New York,County
51590,Danville,Virginia,City
54017,Doddridge,West Virginia,County
30105,Valley,Montana,County
5065,Izard,Arkansas,County
18107,Montgomery,Indiana,County
24031,Montgomery,Maryland,County
26073,Isabella,Michigan,County
38047,Logan,North Dakota,County
39123,Ottawa,Ohio,County
13127,Glynn,Georgia,County
28079,Leake,Mississippi,County
31037,Colfax,Nebraska,County
35013,Doña Ana,New Mexico,County
46017,Buffalo,South Dakota,County
12115,Sarasota,Florida,County
13033,Burke,Georgia,County
27171,Wright,Minnesota,County
28107,Panola,Mississippi,County
40079,Le Flore,Oklahoma,County
42001,Adams,Pennsylvania,County
18179,Wells,Indiana,County
39117,Morrow,Ohio,County
22009,Avoyelles,Louisiana,Parish
38073,Ransom,North Dakota,County
48143,Erath,Texas,County
22077,Pointe Coupee,Louisiana,Parish
21189,Owsley,Kentucky,County
29089,Howard,Missouri,County
36021,Columbia,New York,County
8003,Alamosa,Colorado,County
39153,Summit,Ohio,County
13151,Henry,Georgia,County
13275,Thomas,Georgia,County
22097,St. Landry,Louisiana,Parish
29199,Scotland,Missouri,County
53067,Thurston,Washington,County
17041,Douglas,Illinois,County
17089,Kane,Illinois,County
26021,Berrien,Michigan,County
54089,Summers,West Virginia,County
6079,San Luis Obispo,California,County
34021,Mercer,New Jersey,County
36029,Erie,New York,County
13051,Chatham,Georgia,County
18065,Henry,Indiana,County
21071,Floyd,Kentucky,County
21159,Martin,Kentucky,County
29059,Dallas,Missouri,County
31039,Cuming,Nebraska,County
48067,Cass,Texas,County
48387,Red River,Texas,County
13091,Dodge,Georgia,County
39167,Washington,Ohio,County
48333,Mills,Texas,County
1099,Monroe,Alabama,County
5129,Searcy,Arkansas,County
8015,Chaffee,Colorado,County
46091,Marshall,South Dakota,County
48001,Anderson,Texas,County
6063,Plumas,California,County
8057,Jackson,Colorado,County
17189,Washington,Illinois,County
26091,Lenawee,Michigan,County
39063,Hancock,Ohio,County
54009,Brooke,West Virginia,County
8089,Otero,Colorado,County
26095,Luce,Michigan,County
28139,Tippah,Mississippi,County
48359,Oldham,Texas,County
13181,Lincoln,Georgia,County
31131,Otoe,Nebraska,County
37009,Ashe,North Carolina,County
46037,Day,South Dakota,County
47073,Hawkins,Tennessee,County
13071,Colquitt,Georgia,County
36019,Clinton,New York,County
48251,Johnson,Texas,County
27145,Stearns,Minnesota,County
18069,Huntington,Indiana,County
33015,Rockingham,New Hampshire,County
37061,Duplin,North Carolina,County
39037,Darke,Ohio,County
42131,Wyoming,Pennsylvania,County
45085,Sumter,South Carolina,County
72075,Juana Díaz,Puerto Rico,Muno
8023,Costilla,Colorado,County
13157,Jackson,Georgia,County
26111,Midland,Michigan,County
28129,Smith,Mississippi,County
29097,Jasper,Missouri,County
32003,Clark,Nevada,County
37089,Henderson,North Carolina,County
51063,Floyd,Virginia,County
19045,Clinton,Iowa,County
21179,Nelson,Kentucky,County
24001,Allegany,Maryland,County
38065,Oliver,North Dakota,County
48365,Panola,Texas,County
21027,Breckinridge,Kentucky,County
29079,Grundy,Missouri,County
31047,Dawson,Nebraska,County
31079,Hall,Nebraska,County
31143,Polk,Nebraska,County
34011,Cumberland,New Jersey,County
37017,Bladen,North Carolina,County
20111,Lyon,Kansas,County
27109,Olmsted,Minnesota,County
6045,Mendocino,California,County
13187,Lumpkin,Georgia,County
20129,Morton,Kansas,County
27119,Polk,Minnesota,County
46067,Hutchinson,South Dakota,County
21031,Butler,Kentucky,County
47007,Bledsoe,Tennessee,County
48341,Moore,Texas,County
29085,Hickory,Missouri,County
37015,Bertie,North Carolina,County
53047,Okanogan,Washington,County
5045,Faulkner,Arkansas,County
17021,Christian,Illinois,County
31045,Dawes,Nebraska,County
41037,Lake,Oregon,County
46121,Todd,South Dakota,County
1117,Shelby,Alabama,County
5117,Prairie,Arkansas,County
8043,Fremont,Colorado,County
15001,Hawaii,Hawaii,County
28153,Wayne,Mississippi,County
37035,Catawba,North Carolina,County
37055,Dare,North Carolina,County
47119,Maury,Tennessee,County
48063,Camp,Texas,County
28159,Winston,Mississippi,County
35041,Roosevelt,New Mexico,County
37135,Orange,North Carolina,County
48413,Schleicher,Texas,County
51187,Warren,Virginia,County
53005,Benton,Washington,County
48345,Motley,Texas,County
8085,Montrose,Colorado,County
40033,Cotton,Oklahoma,County
45047,Greenwood,South Carolina,County
46055,Haakon,South Dakota,County
69100,Rota Municipality,Northern Mariana Islands,
78030,St. Thomas Island,U.S. Virgin Islands,
40123,Pontotoc,Oklahoma,County
42077,Lehigh,Pennsylvania,County
48239,Jackson,Texas,County
55139,Winnebago,Wisconsin,County
2220,Sitka,Alaska,Cty&Bor
26149,St. Joseph,Michigan,County
31135,Perkins,Nebraska,County
38085,Sioux,North Dakota,County
45033,Dillon,South Carolina,County
13115,Floyd,Georgia,County
13283,Treutlen,Georgia,County
17093,Kendall,Illinois,County
39065,Hardin,Ohio,County
1103,Morgan,Alabama,County
8079,Mineral,Colorado,County
8105,Rio Grande,Colorado,County
40065,Jackson,Oklahoma,County
1075,Lamar,Alabama,County
13303,Washington,Georgia,County
48163,Frio,Texas,County
20177,Shawnee,Kansas,County
1059,Franklin,Alabama,County
30091,Sheridan,Montana,County
47081,Hickman,Tennessee,County
55131,Washington,Wisconsin,County
8011,Bent,Colorado,County
20131,Nemaha,Kansas,County
28131,Stone,Mississippi,County
27009,Benton,Minnesota,County
30007,Broadwater,Montana,County
1043,Cullman,Alabama,County
13053,Chattahoochee,Georgia,County
20033,Comanche,Kansas,County
37095,Hyde,North Carolina,County
42021,Cambria,Pennsylvania,County
48305,Lynn,Texas,County
6067,Sacramento,California,County
39011,Auglaize,Ohio,County
6095,Solano,California,County
36015,Chemung,New York,County
48071,Chambers,Texas,County
48109,Culberson,Texas,County
48223,Hopkins,Texas,County
13279,Toombs,Georgia,County
18079,Jennings,Indiana,County
19001,Adair,Iowa,County
35061,Valencia,New Mexico,County
2275,Wrangell,Alaska,Cty&Bor
12041,Gilchrist,Florida,County
13317,Wilkes,Georgia,County
26039,Crawford,Michigan,County
29101,Johnson,Missouri,County
36055,Monroe,New York,County
37041,Chowan,North Carolina,County
37105,Lee,North Carolina,County
40103,Noble,Oklahoma,County
2122,Kenai Peninsula,Alaska,Borough
18019,Clark,Indiana,County
25017,Middlesex,Massachusetts,County
47043,Dickson,Tennessee,County
55021,Columbia,Wisconsin,County
1053,Escambia,Alabama,County
20161,Riley,Kansas,County
21011,Bath,Kentucky,County
27059,Isanti,Minnesota,County
31099,Kearney,Nebraska,County
46069,Hyde,South Dakota,County
47031,Coffee,Tennessee,County
48451,Tom Green,Texas,County
6001,Alameda,California,County
48259,Kendall,Texas,County
48377,Presidio,Texas,County
51069,Frederick,Virginia,County
51660,Harrisonburg,Virginia,City
13189,McDuffie,Georgia,County
13219,Oconee,Georgia,County
49015,Emery,Utah,County
6027,Inyo,California,County
20171,Scott,Kansas,County
27051,Grant,Minnesota,County
35005,Chaves,New Mexico,County
39091,Logan,Ohio,County
35025,Lea,New Mexico,County
47093,Knox,Tennessee,County
5147,Woodruff,Arkansas,County
27123,Ramsey,Minnesota,County
32001,Churchill,Nevada,County
55047,Green Lake,Wisconsin,County
13153,Houston,Georgia,County
17125,Mason,Illinois,County
18119,Owen,Indiana,County
37031,Carteret,North Carolina,County
1051,Elmore,Alabama,County
13001,Appling,Georgia,County
27037,Dakota,Minnesota,County
41017,Deschutes,Oregon,County
51013,Arlington,Virginia,County
25011,Franklin,Massachusetts,County
39015,Brown,Ohio,County
13223,Paulding,Georgia,County
16045,Gem,Idaho,County
24009,Calvert,Maryland,County
36081,Queens,New York,County
46019,Butte,South Dakota,County
48149,Fayette,Texas,County
54093,Tucker,West Virginia,County
5149,Yell,Arkansas,County
29109,Lawrence,Missouri,County
48113,Dallas,Texas,County
12085,Martin,Florida,County
39069,Henry,Ohio,County
50003,Bennington,Vermont,County
54015,Clay,West Virginia,County
6077,San Joaquin,California,County
17063,Grundy,Illinois,County
18009,Blackford,Indiana,County
22045,Iberia,Louisiana,Parish
13211,Morgan,Georgia,County
17175,Stark,Illinois,County
72151,Yabucoa,Puerto Rico,Muno
6047,Merced,California,County
13109,Evans,Georgia,County
19127,Marshall,Iowa,County
19137,Montgomery,Iowa,County
41021,Gilliam,Oregon,County
47033,Crockett,Tennessee,County
47149,Rutherford,Tennessee,County
54055,Mercer,West Virginia,County
17037,DeKalb,Illinois,County
19091,Humboldt,Iowa,County
19093,Ida,Iowa,County
20185,Stafford,Kansas,County
38099,Walsh,North Dakota,County
51017,Bath,Virginia,County
51163,Rockbridge,Virginia,County
8091,Ouray,Colorado,County
37023,Burke,North Carolina,County
47129,Morgan,Tennessee,County
48437,Swisher,Texas,County
17197,Will,Illinois,County
18123,Perry,Indiana,County
22099,St. Martin,Louisiana,Parish
31031,Cherry,Nebraska,County
1001,Autauga,Alabama,County
2158,Kusilvak Census Area,Alaska,
12129,Wakulla,Florida,County
24013,Carroll,Maryland,County
29169,Pulaski,Missouri,County
31071,Garfield,Nebraska,County
41005,Clackamas,Oregon,County
53071,Walla Walla,Washington,County
28145,Union,Mississippi,County
30071,Phillips,Montana,County
21115,Johnson,Kentucky,County
29163,Pike,Missouri,County
29181,Ripley,Missouri,County
41049,Morrow,Oregon,County
48211,Hemphill,Texas,County
16039,Elmore,Idaho,County
26027,Cass,Michigan,County
42079,Luzerne,Pennsylvania,County
48487,Wilbarger,Texas,County
55009,Brown,Wisconsin,County
72055,Guánica,Puerto Rico,Muno
13023,Bleckley,Georgia,County
27005,Becker,Minnesota,County
30041,Hill,Montana,County
35029,Luna,New Mexico,County
72007,Aguas Buenas,Puerto Rico,Muno
29161,Phelps,Missouri,County
51061,Fauquier,Virginia,County
18013,Brown,Indiana,County
19073,Greene,Iowa,County
46137,Ziebach,South Dakota,County
54035,Jackson,West Virginia,County
1063,Greene,Alabama,County
13069,Coffee,Georgia,County
17101,Lawrence,Illinois,County
20067,Grant,Kansas,County
47139,Polk,Tennessee,County
55097,Portage,Wisconsin,County
40097,Mayes,Oklahoma,County
47075,Haywood,Tennessee,County
51135,Nottoway,Virginia,County
18047,Franklin,Indiana,County
19131,Mitchell,Iowa,County
21191,Pendleton,Kentucky,County
2110,Juneau,Alaska,Cty&Bor
51810,Virginia Beach,Virginia,City
12015,Charlotte,Florida,County
20099,Labette,Kansas,County
28105,Oktibbeha,Mississippi,County
37065,Edgecombe,North Carolina,County
51059,Fairfax,Virginia,County
72023,Cabo Rojo,Puerto Rico,Muno
23019,Penobscot,Maine,County
25005,Bristol,Massachusetts,County
37143,Perquimans,North Carolina,County
51115,Mathews,Virginia,County
26105,Mason,Michigan,County
42007,Beaver,Pennsylvania,County
48347,Nacogdoches,Texas,County
40049,Garvin,Oklahoma,County
42031,Clarion,Pennsylvania,County
20073,Greenwood,Kansas,County
22031,De Soto,Louisiana,Parish
26065,Ingham,Michigan,County
26151,Sanilac,Michigan,County
27073,Lac qui Parle,Minnesota,County
41031,Jefferson,Oregon,County
51137,Orange,Virginia,County
51770,Roanoke,Virginia,City
53037,Kittitas,Washington,County
19123,Mahaska,Iowa,County
21087,Green,Kentucky,County
22007,Assumption,Louisiana,Parish
31165,Sioux,Nebraska,County
35049,Santa Fe,New Mexico,County
6097,Sonoma,California,County
13289,Twiggs,Georgia,County
20037,Crawford,Kansas,County
20091,Johnson,Kansas,County
38009,Bottineau,North Dakota,County
45035,Dorchester,South Carolina,County
5145,White,Arkansas,County
26077,Kalamazoo,Michigan,County
48141,El Paso,Texas,County
49025,Kane,Utah,County
16053,Jerome,Idaho,County
20013,Brown,Kansas,County
29175,Randolph,Missouri,County
48481,Wharton,Texas,County
53075,Whitman,Washington,County
5135,Sharp,Arkansas,County
20163,Rooks,Kansas,County
39013,Belmont,Ohio,County
48337,Montague,Texas,County
40075,Kiowa,Oklahoma,County
42115,Susquehanna,Pennsylvania,County
29011,Barton,Missouri,County
33011,Hillsborough,New Hampshire,County
54057,Mineral,West Virginia,County
72003,Aguada,Puerto Rico,Muno
55053,Jackson,Wisconsin,County
13321,Worth,Georgia,County
19103,Johnson,Iowa,County
19145,Page,Iowa,County
21127,Lawrence,Kentucky,County
37091,Hertford,North Carolina,County
47151,Scott,Tennessee,County
55051,Iron,Wisconsin,County
72109,Patillas,Puerto Rico,Muno
19071,Fremont,Iowa,County
20057,Ford,Kansas,County
48011,Armstrong,Texas,County
54043,Lincoln,West Virginia,County
5133,Sevier,Arkansas,County
12117,Seminole,Florida,County
13269,Taylor,Georgia,County
40131,Rogers,Oklahoma,County
41069,Wheeler,Oregon,County
45089,Williamsburg,South Carolina,County
48279,Lamb,Texas,County
13035,Butts,Georgia,County
29147,Nodaway,Missouri,County
37125,Moore,North Carolina,County
40121,Pittsburg,Oklahoma,County
2170,Matanuska-Susitna,Alaska,Borough
15003,Honolulu,Hawaii,County
18095,Madison,Indiana,County
29185,St. Clair,Missouri,County
19135,Monroe,Iowa,County
48187,Guadalupe,Texas,County
23009,Hancock,Maine,County
5111,Poinsett,Arkansas,County
26047,Emmet,Michigan,County
28043,Grenada,Mississippi,County
28091,Marion,Mississippi,County
48073,Cherokee,Texas,County
48293,Limestone,Texas,County
34029,Ocean,New Jersey,County
45051,Horry,South Carolina,County
48357,Ochiltree,Texas,County
17003,Alexander,Illinois,County
21055,Crittenden,Kentucky,County
26155,Shiawassee,Michigan,County
31085,Hayes,Nebraska,County
40025,Cimarron,Oklahoma,County
54019,Fayette,West Virginia,County
35015,Eddy,New Mexico,County
48057,Calhoun,Texas,County
54047,McDowell,West Virginia,County
55078,Menominee,Wisconsin,County
72071,Isabela,Puerto Rico,Muno
48129,Donley,Texas,County
13005,Bacon,Georgia,County
28121,Rankin,Mississippi,County
29039,Cedar,Missouri,County
40077,Latimer,Oklahoma,County
47173,Union,Tennessee,County
48373,Polk,Texas,County
51157,Rappahannock,Virginia,County
46005,Beadle,South Dakota,County
55127,Walworth,Wisconsin,County
6009,Calaveras,California,County
12103,Pinellas,Florida,County
18109,Morgan,Indiana,County
26013,Baraga,Michigan,County
29103,Knox,Missouri,County
37111,McDowell,North Carolina,County
48013,Atascosa,Texas,County
49043,Summit,Utah,County
1115,St. Clair,Alabama,County
5087,Madison,Arkansas,County
22005,Ascension,Louisiana,Parish
24047,Worcester,Maryland,County
37087,Haywood,North Carolina,County
8041,El Paso,Colorado,County
12027,DeSoto,Florida,County
18027,Daviess,Indiana,County
18091,LaPorte,Indiana,County
20045,Douglas,Kansas,County
32017,Lincoln,Nevada,County
72129,San Lorenzo,Puerto Rico,Muno
17027,Clinton,Illinois,County
20083,Hodgeman,Kansas,County
27135,Roseau,Minnesota,County
9003,Hartford,Connecticut,County
45043,Georgetown,South Carolina,County
55103,Richland,Wisconsin,County
6015,Del Norte,California,County
13237,Putnam,Georgia,County
26109,Menominee,Michigan,County
13173,Lanier,Georgia,County
17007,Boone,Illinois,County
20035,Cowley,Kansas,County
22027,Claiborne,Louisiana,Parish
30059,Meagher,Montana,County
4009,Graham,Arizona,County
26059,Hillsdale,Michigan,County
31175,Valley,Nebraska,County
39133,Portage,Ohio,County
45049,Hampton,South Carolina,County
30045,Judith Basin,Montana,County
37027,Caldwell,North Carolina,County
39027,Clinton,Ohio,County
45023,Chester,South Carolina,County
51141,Patrick,Virginia,County
12063,Jackson,Florida,County
29121,Macon,Missouri,County
39017,Butler,Ohio,County
41035,Klamath,Oregon,County
46043,Douglas,South Dakota,County
51095,James City,Virginia,County
55099,Price,Wisconsin,County
45009,Bamberg,South Carolina,County
72011,Añasco,Puerto Rico,Muno
72141,Utuado,Puerto Rico,Muno
36059,Nassau,New York,County
36095,Schoharie,New York,County
48267,Kimble,Texas,County
5025,Cleveland,Arkansas,County
27095,Mille Lacs,Minnesota,County
39045,Fairfield,Ohio,County
40041,Delaware,Oklahoma,County
5127,Scott,Arkansas,County
21029,Bullitt,Kentucky,County
29115,Linn,Missouri,County
48321,Matagorda,Texas,County
48427,Starr,Texas,County
72067,Hormigueros,Puerto Rico,Muno
13087,Decatur,Georgia,County
72079,Lajas,Puerto Rico,Muno
8039,Elbert,Colorado,County
12019,Clay,Florida,County
20017,Chase,Kansas,County
22109,Terrebonne,Louisiana,Parish
36069,Ontario,New York,County
51029,Buckingham,Virginia,County
15009,Maui,Hawaii,County
17065,Hamilton,Illinois,County
30081,Ravalli,Montana,County
51610,Falls Church,Virginia,City
54029,Hancock,West Virginia,County
18159,Tipton,Indiana,County
19029,Cass,Iowa,County
51720,Norton,Virginia,City
1121,Talladega,Alabama,County
17035,Cumberland,Illinois,County
19155,Pottawattamie,Iowa,County
23017,Oxford,Maine,County
16015,Boise,Idaho,County
21091,Hancock,Kentucky,County
26097,Mackinac,Michigan,County
32029,Storey,Nevada,County
45011,Barnwell,South Carolina,County
13179,Liberty,Georgia,County
13197,Marion,Georgia,County
18127,Porter,Indiana,County
29151,Osage,Missouri,County
18153,Sullivan,Indiana,County
20027,Clay,Kansas,County
30087,Rosebud,Montana,County
1037,Coosa,Alabama,County
5043,Drew,Arkansas,County
12121,Suwannee,Florida,County
17131,Mercer,Illinois,County
51091,Highland,Virginia,County
19043,Clayton,Iowa,County
8019,Clear Creek,Colorado,County
21015,Boone,Kentucky,County
28095,Monroe,Mississippi,County
41059,Umatilla,Oregon,County
51830,Williamsburg,Virginia,City
31083,Harlan,Nebraska,County
35047,San Miguel,New Mexico,County
47027,Clay,Tennessee,County
5105,Perry,Arkansas,County
29031,Cape Girardeau,Missouri,County
40063,Hughes,Oklahoma,County
19161,Sac,Iowa,County
27157,Wabasha,Minnesota,County
28041,Greene,Mississippi,County
28049,Hinds,Mississippi,County
54085,Ritchie,West Virginia,County
20123,Mitchell,Kansas,County
26015,Barry,Michigan,County
31001,Adams,Nebraska,County
38067,Pembina,North Dakota,County
40009,Beckham,Oklahoma,County
47167,Tipton,Tennessee,County
17045,Edgar,Illinois,County
37193,Wilkes,North Carolina,County
49021,Iron,Utah,County
22069,Natchitoches,Louisiana,Parish
27115,Pine,Minnesota,County
37115,Madison,North Carolina,County
55043,Grant,Wisconsin,County
18117,Orange,Indiana,County
48409,San Patricio,Texas,County
55079,Milwaukee,Wisconsin,County
55093,Pierce,Wisconsin,County
20133,Neosho,Kansas,County
13209,Montgomery,Georgia,County
18143,Scott,Indiana,County
19117,Lucas,Iowa,County
21235,Whitley,Kentucky,County
5099,Nevada,Arkansas,County
17163,St. Clair,Illinois,County
19023,Butler,Iowa,County
20147,Phillips,Kansas,County
26031,Cheboygan,Michigan,County
53021,Franklin,Washington,County
72035,Cayey,Puerto Rico,Muno
1065,Hale,Alabama,County
6059,Orange,California,County
8025,Crowley,Colorado,County
13295,Walker,Georgia,County
21187,Owen,Kentucky,County
28069,Kemper,Mississippi,County
48463,Uvalde,Texas,County
19177,Van Buren,Iowa,County
29007,Audrain,Missouri,County
48503,Young,Texas,County
5069,Jefferson,Arkansas,County
17005,Bond,Illinois,County
56011,Crook,Wyoming,County
5073,Lafayette,Arkansas,County
18183,Whitley,Indiana,County
21161,Mason,Kentucky,County
29205,Shelby,Missouri,County
30065,Musselshell,Montana,County
37063,Durham,North Carolina,County
37149,Polk,North Carolina,County
39067,Harrison,Ohio,County
45091,York,South Carolina,County
48249,Jim Wells,Texas,County
5067,Jackson,Arkansas,County
20077,Harper,Kansas,County
21193,Perry,Kentucky,County
49007,Carbon,Utah,County
8109,Saguache,Colorado,County
9005,Litchfield,Connecticut,County
26137,Otsego,Michigan,County
12105,Polk,Florida,County
13097,Douglas,Georgia,County
17061,Greene,Illinois,County
40111,Okmulgee,Oklahoma,County
47079,Henry,Tennessee,County
48105,Crockett,Texas,County
17173,Shelby,Illinois,County
23027,Waldo,Maine,County
37107,Lenoir,North Carolina,County
13099,Early,Georgia,County
13131,Grady,Georgia,County
22055,Lafayette,Louisiana,Parish
29155,Pemiscot,Missouri,County
40001,Adair,Oklahoma,County
51087,Henrico,Virginia,County
42047,Elk,Pennsylvania,County
72054,Florida,Puerto Rico,Muno
4025,Yavapai,Arizona,County
5131,Sebastian,Arkansas,County
29099,Jefferson,Missouri,County
29183,St. Charles,Missouri,County
31151,Saline,Nebraska,County
36087,Rockland,New York,County
39145,Scioto,Ohio,County
13047,Catoosa,Georgia,County
13263,Talbot,Georgia,County
1127,Walker,Alabama,County
21137,Lincoln,Kentucky,County
48395,Robertson,Texas,County
51049,Cumberland,Virginia,County
21175,Morgan,Kentucky,County
38083,Sheridan,North Dakota,County
72049,Culebra,Puerto Rico,Muno
27069,Kittson,Minnesota,County
39151,Stark,Ohio,County
40113,Osage,Oklahoma,County
41061,Union,Oregon,County
45017,Calhoun,South Carolina,County
49009,Daggett,Utah,County
21231,Wayne,Kentucky,County
31129,Nuckolls,Nebraska,County
72093,Maricao,Puerto Rico,Muno
6011,Colusa,California,County
12047,Hamilton,Florida,County
13045,Carroll,Georgia,County
26089,Leelanau,Michigan,County
27077,Lake of the Woods,Minnesota,County
54023,Grant,West Virginia,County
72065,Hatillo,Puerto Rico,Muno
18155,Switzerland,Indiana,County
19039,Clarke,Iowa,County
39101,Marion,Ohio,County
72115,Quebradillas,Puerto Rico,Muno
31107,Knox,Nebraska,County
38007,Billings,North Dakota,County
40149,Washita,Oklahoma,County
8099,Prowers,Colorado,County
20139,Osage,Kansas,County
37081,Guilford,North Carolina,County
41025,Harney,Oregon,County
51750,Radford,Virginia,City
19105,Jones,Iowa,County
49037,San Juan,Utah,County
21097,Harrison,Kentucky,County
27137,St. Louis,Minnesota,County
33013,Merrimack,New Hampshire,County
4023,Santa Cruz,Arizona,County
16043,Fremont,Idaho,County
17135,Montgomery,Illinois,County
18171,Warren,Indiana,County
22117,Washington,Louisiana,Parish
35035,Otero,New Mexico,County
39135,Preble,Ohio,County
53051,Pend Oreille,Washington,County
1079,Lawrence,Alabama,County
8113,San Miguel,Colorado,County
12057,Hillsborough,Florida,County
16079,Shoshone,Idaho,County
41055,Sherman,Oregon,County
8073,Lincoln,Colorado,County
19193,Woodbury,Iowa,County
29203,Shannon,Missouri,County
31069,Garden,Nebraska,County
47005,Benton,Tennessee,County
1061,Geneva,Alabama,County
2282,Yakutat,Alaska,Cty&Bor
12055,Highlands,Florida,County
18141,St. Joseph,Indiana,County
20025,Clark,Kansas,County
13217,Newton,Georgia,County
32007,Elko,Nevada,County
35006,Cibola,New Mexico,County
51600,Fairfax,Virginia,City
1057,Fayette,Alabama,County
31017,Brown,Nebraska,County
48015,Austin,Texas,County
53003,Asotin,Washington,County
17187,Warren,Illinois,County
33017,Strafford,New Hampshire,County
48049,Brown,Texas,County
72131,San Sebastián,Puerto Rico,Muno
35039,Rio Arriba,New Mexico,County
38003,Barnes,North Dakota,County
18093,Lawrence,Indiana,County
26135,Oscoda,Michigan,County
31033,Cheyenne,Nebraska,County
38025,Dunn,North Dakota,County
46015,Brule,South Dakota,County
54027,Hampshire,West Virginia,County
54083,Randolph,West Virginia,County
36083,Rensselaer,New York,County
46073,Jerauld,South Dakota,County
48181,Grayson,Texas,County
18167,Vigo,Indiana,County
29035,Carter,Missouri,County
37187,Washington,North Carolina,County
47143,Rhea,Tennessee,County
13135,Gwinnett,Georgia,County
13267,Tattnall,Georgia,County
19133,Monona,Iowa,County
22067,Morehouse,Louisiana,Parish
22075,Plaquemines,Louisiana,Parish
26041,Delta,Michigan,County
30055,McCone,Montana,County
34015,Gloucester,New Jersey,County
48331,Milam,Texas,County
12039,Gadsden,Florida,County
18007,Benton,Indiana,County
19055,Delaware,Iowa,County
39007,Ashtabula,Ohio,County
21009,Barren,Kentucky,County
8053,Hinsdale,Colorado,County
6101,Sutter,California,County
13015,Bartow,Georgia,County
28157,Wilkinson,Mississippi,County
37113,Macon,North Carolina,County
17195,Whiteside,Illinois,County
12061,Indian River,Florida,County
17137,Morgan,Illinois,County
27129,Renville,Minnesota,County
31179,Wayne,Nebraska,County
36089,St. Lawrence,New York,County
45027,Clarendon,South Carolina,County
54071,Pendleton,West Virginia,County
16031,Cassia,Idaho,County
20075,Hamilton,Kansas,County
21017,Bourbon,Kentucky,County
23001,Androscoggin,Maine,County
35028,Los Alamos,New Mexico,County
36053,Madison,New York,County
48289,Leon,Texas,County
51678,Lexington,Virginia,City
54001,Barbour,West Virginia,County
16047,Gooding,Idaho,County
32021,Mineral,Nevada,County
40071,Kay,Oklahoma,County
48317,Martin,Texas,County
27131,Rice,Minnesota,County
39149,Shelby,Ohio,County
45079,Richland,South Carolina,County
51071,Giles,Virginia,County
54077,Preston,West Virginia,County
1005,Barbour,Alabama,County
27139,Scott,Minnesota,County
48007,Aransas,Texas,County
72069,Humacao,Puerto Rico,Muno
4001,Apache,Arizona,County
27125,Red Lake,Minnesota,County
31053,Dodge,Nebraska,County
48041,Brazos,Texas,County
48213,Henderson,Texas,County
6083,Santa Barbara,California,County
13065,Clinch,Georgia,County
38089,Stark,North Dakota,County
39097,Madison,Ohio,County
39161,Van Wert,Ohio,County
46059,Hand,South Dakota,County
6005,Amador,California,County
27081,Lincoln,Minnesota,County
42103,Pike,Pennsylvania,County
5049,Fulton,Arkansas,County
18115,Ohio,Indiana,County
72101,Morovis,Puerto Rico,Muno
8027,Custer,Colorado,County
13059,Clarke,Georgia,County
21181,Nicholas,Kentucky,County
28019,Choctaw,Mississippi,County
31027,Cedar,Nebraska,County
34013,Essex,New Jersey,County
9007,Middlesex,Connecticut,County
13031,Bulloch,Georgia,County
21223,Trimble,Kentucky,County
54061,Monongalia,West Virginia,County
1023,Choctaw,Alabama,County
6085,Santa Clara,California,County
12111,St. Lucie,Florida,County
21183,Ohio,Kentucky,County
42085,Mercer,Pennsylvania,County
2290,Yukon-Koyukuk,Alaska,CA
2060,Bristol Bay,Alaska,Borough
12123,Taylor,Florida,County
48083,Coleman,Texas,County
48145,Falls,Texas,County
17055,Franklin,Illinois,County
20183,Smith,Kansas,County
26153,Schoolcraft,Michigan,County
72137,Toa Baja,Puerto Rico,Muno
5107,Phillips,Arkansas,County
28143,Tunica,Mississippi,County
42043,Dauphin,Pennsylvania,County
47091,Johnson,Tennessee,County
8055,Huerfano,Colorado,County
31073,Gosper,Nebraska,County
31147,Richardson,Nebraska,County
48161,Freestone,Texas,County
51550,Chesapeake,Virginia,City
72085,Las Piedras,Puerto Rico,Muno
22043,Grant,Louisiana,Parish
22107,Tensas,Louisiana,Parish
45061,Lee,South Carolina,County
48421,Sherman,Texas,County
55075,Marinette,Wisconsin,County
38079,Rolette,North Dakota,County
47015,Cannon,Tennessee,County
48059,Callahan,Texas,County
48247,Jim Hogg,Texas,County
72153,Yauco,Puerto Rico,Muno
12045,Gulf,Florida,County
16069,Nez Perce,Idaho,County
18175,Washington,Indiana,County
27047,Freeborn,Minnesota,County
47157,Shelby,Tennessee,County
53041,Lewis,Washington,County
12003,Baker,Florida,County
12083,Marion,Florida,County
17119,Madison,Illinois,County
26085,Lake,Michigan,County
53015,Cowlitz,Washington,County
26131,Ontonagon,Michigan,County
30069,Petroleum,Montana,County
13313,Whitfield,Georgia,County
39119,Muskingum,Ohio,County
41029,Jackson,Oregon,County
27133,Rock,Minnesota,County
51031,Campbell,Virginia,County
13021,Bibb,Georgia,County
33001,Belknap,New Hampshire,County
56029,Park,Wyoming,County
1073,Jefferson,Alabama,County
13085,Dawson,Georgia,County
38087,Slope,North Dakota,County
5027,Columbia,Arkansas,County
13161,Jeff Davis,Georgia,County
16081,Teton,Idaho,County
37121,Mitchell,North Carolina,County
48493,Wilson,Texas,County
42065,Jefferson,Pennsylvania,County
1077,Lauderdale,Alabama,County
8117,Summit,Colorado,County
16055,Kootenai,Idaho,County
20203,Wichita,Kansas,County
20149,Pottawatomie,Kansas,County
20159,Rice,Kansas,County
51079,Greene,Virginia,County
23007,Franklin,Maine,County
13229,Pierce,Georgia,County
37059,Davie,North Carolina,County
53017,Douglas,Washington,County
54021,Gilmer,West Virginia,County
72123,Salinas,Puerto Rico,Muno
72139,Trujillo Alto,Puerto Rico,Muno
46079,Lake,South Dakota,County
48193,Hamilton,Texas,County
72021,Bayamón,Puerto Rico,Muno
8121,Washington,Colorado,County
12067,Lafayette,Florida,County
13291,Union,Georgia,County
28025,Clay,Mississippi,County
38055,McLean,North Dakota,County
21107,Hopkins,Kentucky,County
36043,Herkimer,New York,County
39041,Delaware,Ohio,County
48349,Navarro,Texas,County
5123,St. Francis,Arkansas,County
18055,Greene,Indiana,County
21209,Scott,Kentucky,County
37179,Union,North Carolina,County
49033,Rich,Utah,County
54097,Upshur,West Virginia,County
9011,New London,Connecticut,County
12043,Glades,Florida,County
35037,Quay,New Mexico,County
13239,Quitman,Georgia,County
42017,Bucks,Pennsylvania,County
30017,Custer,Montana,County
36091,Saratoga,New York,County
39137,Putnam,Ohio,County
72059,Guayanilla,Puerto Rico,Muno
13215,Muscogee,Georgia,County
22123,West Carroll,Louisiana,Parish
51015,Augusta,Virginia,County
54013,Calhoun,West Virginia,County
18077,Jefferson,Indiana,County
21035,Calloway,Kentucky,County
26125,Oakland,Michigan,County
48301,Loving,Texas,County
13247,Rockdale,Georgia,County
27173,Yellow Medicine,Minnesota,County
39087,Lawrence,Ohio,County
45021,Cherokee,South Carolina,County
55101,Racine,Wisconsin,County
22121,West Baton Rouge,Louisiana,Parish
31145,Red Willow,Nebraska,County
5101,Newton,Arkansas,County
27025,Chisago,Minnesota,County
29223,Wayne,Missouri,County
45013,Beaufort,South Carolina,County
28117,Prentiss,Mississippi,County
53065,Stevens,Washington,County
4013,Maricopa,Arizona,County
17103,Lee,Illinois,County
20173,Sedgwick,Kansas,County
21045,Casey,Kentucky,County
26067,Ionia,Michigan,County
16027,Canyon,Idaho,County
28127,Simpson,Mississippi,County
29045,Clark,Missouri,County
29141,Morgan,Missouri,County
40007,Beaver,Oklahoma,County
42101,Philadelphia,Pennsylvania,County
17009,Brown,Illinois,County
28099,Neshoba,Mississippi,County
31089,Holt,Nebraska,County
48209,Hays,Texas,County
48457,Tyler,Texas,County
13145,Harris,Georgia,County
31041,Custer,Nebraska,County
13315,Wilcox,Georgia,County
21005,Anderson,Kentucky,County
40135,Sequoyah,Oklahoma,County
48087,Collingsworth,Texas,County
1009,Blount,Alabama,County
12069,Lake,Florida,County
12053,Hernando,Florida,County
39033,Crawford,Ohio,County
51025,Brunswick,Virginia,County
56019,Johnson,Wyoming,County
5017,Chicot,Arkansas,County
13155,Irwin,Georgia,County
38045,LaMoure,North Dakota,County
46083,Lincoln,South Dakota,County
16017,Bonner,Idaho,County
18003,Allen,Indiana,County
30047,Lake,Montana,County
21043,Carter,Kentucky,County
28059,Jackson,Mississippi,County
19017,Bremer,Iowa,County
20023,Cheyenne,Kansas,County
21095,Harlan,Kentucky,County
24011,Caroline,Maryland,County
40003,Alfalfa,Oklahoma,County
46023,Charles Mix,South Dakota,County
46109,Roberts,South Dakota,County
47003,Bedford,Tennessee,County
54101,Webster,West Virginia,County
45055,Kershaw,South Carolina,County
28055,Issaquena,Mississippi,County
37013,Beaufort,North Carolina,County
19067,Floyd,Iowa,County
23003,Aroostook,Maine,County
29125,Maries,Missouri,County
29159,Pettis,Missouri,County
31019,Buffalo,Nebraska,County
38033,Golden Valley,North Dakota,County
51089,Henry,Virginia,County
18001,Adams,Indiana,County
42035,Clinton,Pennsylvania,County
39157,Tuscarawas,Ohio,County
47059,Greene,Tennessee,County
54045,Logan,West Virginia,County
13013,Barrow,Georgia,County
22087,St. Bernard,Louisiana,Parish
38041,Hettinger,North Dakota,County
44001,Bristol,Rhode Island,County
48005,Angelina,Texas,County
48277,Lamar,Texas,County
8097,Pitkin,Colorado,County
13175,Laurens,Georgia,County
20065,Graham,Kansas,County
20169,Saline,Kansas,County
32027,Pershing,Nevada,County
18021,Clay,Indiana,County
36105,Sullivan,New York,County
39023,Clark,Ohio,County
45045,Greenville,South Carolina,County
78010,St. Croix Island,U.S. Virgin Islands,
13287,Turner,Georgia,County
16035,Clearwater,Idaho,County
42005,Armstrong,Pennsylvania,County
45073,Oconee,South Carolina,County
1125,Tuscaloosa,Alabama,County
29037,Cass,Missouri,County
31007,Banner,Nebraska,County
37129,New Hanover,North Carolina,County
37145,Person,North Carolina,County
37171,Surry,North Carolina,County
45019,Charleston,South Carolina,County
48399,Runnels,Texas,County
50025,Windham,Vermont,County
13125,Glascock,Georgia,County
13299,Ware,Georgia,County
29073,Gasconade,Missouri,County
35001,Bernalillo,New Mexico,County
37045,Cleveland,North Carolina,County
40151,Woods,Oklahoma,County
72091,Manatí,Puerto Rico,Muno
78020,St. John Island,U.S. Virgin Islands,
1007,Bibb,Alabama,County
18177,Wayne,Indiana,County
5075,Lawrence,Arkansas,County
10001,Kent,Delaware,County
37173,Swain,North Carolina,County
6105,Trinity,California,County
12023,Columbia,Florida,County
39009,Athens,Ohio,County
55059,Kenosha,Wisconsin,County
55069,Lincoln,Wisconsin,County
72047,Corozal,Puerto Rico,Muno
17155,Putnam,Illinois,County
18125,Pike,Indiana,County
20157,Republic,Kansas,County
35011,De Baca,New Mexico,County
38063,Nelson,North Dakota,County
42127,Wayne,Pennsylvania,County
51740,Portsmouth,Virginia,City
53025,Grant,Washington,County
25023,Plymouth,Massachusetts,County
26163,Wayne,Michigan,County
38097,Traill,North Dakota,County
50009,Essex,Vermont,County
13195,Madison,Georgia,County
31097,Johnson,Nebraska,County
51595,Emporia,Virginia,City
2020,Anchorage,Alaska,Muny
12075,Levy,Florida,County
18043,Floyd,Indiana,County
24045,Wicomico,Maryland,County
37075,Graham,North Carolina,County
39047,Fayette,Ohio,County
28155,Webster,Mississippi,County
37177,Tyrrell,North Carolina,County
48273,Kleberg,Texas,County
13213,Murray,Georgia,County
21023,Bracken,Kentucky,County
26147,St. Clair,Michigan,County
46097,Miner,South Dakota,County
48417,Shackelford,Texas,County
13073,Columbia,Georgia,County
28083,Leflore,Mississippi,County
45025,Chesterfield,South Carolina,County
16051,Jefferson,Idaho,County
28045,Hancock,Mississippi,County
29137,Monroe,Missouri,County
48297,Live Oak,Texas,County
2230,Skagway,Alaska,Muny
20187,Stanton,Kansas,County
42061,Huntingdon,Pennsylvania,County
18157,Tippecanoe,Indiana,County
30035,Glacier,Montana,County
48447,Throckmorton,Texas,County
51685,Manassas Park,Virginia,City
26115,Monroe,Michigan,County
42029,Chester,Pennsylvania,County
17017,Cass,Illinois,County
21025,Breathitt,Kentucky,County
27159,Wadena,Minnesota,County
31093,Howard,Nebraska,County
48339,Montgomery,Texas,County
20043,Doniphan,Kansas,County
39105,Meigs,Ohio,County
48391,Refugio,Texas,County
55001,Adams,Wisconsin,County
55111,Sauk,Wisconsin,County
19047,Crawford,Iowa,County
19049,Dallas,Iowa,County
22001,Acadia,Louisiana,Parish
47179,Washington,Tennessee,County
55071,Manitowoc,Wisconsin,County
17159,Richland,Illinois,County
18087,LaGrange,Indiana,County
20121,Miami,Kansas,County
48453,Travis,Texas,County
13113,Fayette,Georgia,County
16083,Twin Falls,Idaho,County
28051,Holmes,Mississippi,County
30079,Prairie,Montana,County
72135,Toa Alta,Puerto Rico,Muno
28089,Madison,Mississippi,County
29135,Moniteau,Missouri,County
47025,Claiborne,Tennessee,County
72105,Naranjito,Puerto Rico,Muno
1069,Houston,Alabama,County
13261,Sumter,Georgia,County
21059,Daviess,Kentucky,County
36115,Washington,New York,County
17149,Pike,Illinois,County
19169,Story,Iowa,County
34025,Monmouth,New Jersey,County
37093,Hoke,North Carolina,County
1047,Dallas,Alabama,County
18097,Marion,Indiana,County
20165,Rush,Kansas,County
28093,Marshall,Mississippi,County
37157,Rockingham,North Carolina,County
47101,Lewis,Tennessee,County
72127,San Juan,Puerto Rico,Muno
5091,Miller,Arkansas,County
21219,Todd,Kentucky,County
25001,Barnstable,Massachusetts,County
55115,Shawano,Wisconsin,County
72015,Arroyo,Puerto Rico,Muno
17183,Vermilion,Illinois,County
40083,Logan,Oklahoma,County
72045,Comerío,Puerto Rico,Muno
27029,Clearwater,Minnesota,County
31185,York,Nebraska,County
37197,Yadkin,North Carolina,County
17139,Moultrie,Illinois,County
31177,Washington,Nebraska,County
41015,Curry,Oregon,County
6091,Sierra,California,County
8061,Kiowa,Colorado,County
27035,Crow Wing,Minnesota,County
46051,Grant,South Dakota,County
51195,Wise,Virginia,County
72103,Naguabo,Puerto Rico,Muno
12049,Hardee,Florida,County
19187,Webster,Iowa,County
26053,Gogebic,Michigan,County
38081,Sargent,North Dakota,County
40017,Canadian,Oklahoma,County
39043,Erie,Ohio,County
17049,Effingham,Illinois,County
19179,Wapello,Iowa,County
39035,Cuyahoga,Ohio,County
42105,Potter,Pennsylvania,County
1003,Baldwin,Alabama,County
31011,Boone,Nebraska,County
36123,Yates,New York,County
37021,Buncombe,North Carolina,County
47029,Cocke,Tennessee,County
48225,Houston,Texas,County
53061,Snohomish,Washington,County
16001,Ada,Idaho,County
19101,Jefferson,Iowa,County
17153,Pulaski,Illinois,County
29095,Jackson,Missouri,County
55045,Green,Wisconsin,County
8095,Phillips,Colorado,County
12077,Liberty,Florida,County
13039,Camden,Georgia,County
39073,Hocking,Ohio,County
19061,Dubuque,Iowa,County
29081,Harrison,Missouri,County
31109,Lancaster,Nebraska,County
18045,Fountain,Indiana,County
20109,Logan,Kansas,County
40143,Tulsa,Oklahoma,County
47061,Grundy,Tennessee,County
48315,Marion,Texas,County
48371,Pecos,Texas,County
48489,Willacy,Texas,County
8059,Jefferson,Colorado,County
17161,Rock Island,Illinois,County
34007,Camden,New Jersey,County
41023,Grant,Oregon,County
47089,Jefferson,Tennessee,County
51043,Clarke,Virginia,County
1093,Marion,Alabama,County
19115,Louisa,Iowa,County
31111,Lincoln,Nebraska,County
34035,Somerset,New Jersey,County
35031,McKinley,New Mexico,County
72133,Santa Isabel,Puerto Rico,Muno
9009,New Haven,Connecticut,County
22021,Caldwell,Louisiana,Parish
29127,Marion,Missouri,County
41067,Washington,Oregon,County
49035,Salt Lake,Utah,County
20155,Reno,Kansas,County
51640,Galax,Virginia,City
17157,Randolph,Illinois,County
19031,Cedar,Iowa,County
33003,Carroll,New Hampshire,County
47037,Davidson,Tennessee,County
48179,Gray,Texas,County
48307,McCulloch,Texas,County
6029,Kern,California,County
20113,McPherson,Kansas,County
27151,Swift,Minnesota,County
20127,Morris,Kansas,County
21053,Clinton,Kentucky,County
27023,Chippewa,Minnesota,County
35027,Lincoln,New Mexico,County
45063,Lexington,South Carolina,County
46025,Clark,South Dakota,County
54107,Wood,West Virginia,County
8031,Denver,Colorado,County
19011,Benton,Iowa,County
20199,Wallace,Kansas,County
26165,Wexford,Michigan,County
31123,Morrill,Nebraska,County
51131,Northampton,Virginia,County
53055,San Juan,Washington,County
26119,Montmorency,Michigan,County
16013,Blaine,Idaho,County
24041,Talbot,Maryland,County
42099,Perry,Pennsylvania,County
53001,Adams,Washington,County
18083,Knox,Indiana,County
21113,Jessamine,Kentucky,County
30029,Flathead,Montana,County
30109,Wibaux,Montana,County
36109,Tompkins,New York,County
42057,Fulton,Pennsylvania,County
48291,Liberty,Texas,County
1087,Macon,Alabama,County
17015,Carroll,Illinois,County
24043,Washington,Maryland,County
31133,Pawnee,Nebraska,County
44007,Providence,Rhode Island,County
5011,Bradley,Arkansas,County
13049,Charlton,Georgia,County
16049,Idaho,Idaho,County
28097,Montgomery,Mississippi,County
28109,Pearl River,Mississippi,County
21239,Woodford,Kentucky,County
40045,Ellis,Oklahoma,County
46063,Harding,South Dakota,County
4003,Cochise,Arizona,County
6049,Modoc,California,County
16029,Caribou,Idaho,County
18071,Jackson,Indiana,County
27083,Lyon,Minnesota,County
27143,Sibley,Minnesota,County
13003,Atkinson,Georgia,County
18135,Randolph,Indiana,County
46125,Turner,South Dakota,County
60020,Manu'a District,American Samoa,
20105,Lincoln,Kansas,County
27049,Goodhue,Minnesota,County
36051,Livingston,New York,County
40011,Blaine,Oklahoma,County
24025,Harford,Maryland,County
27101,Murray,Minnesota,County
40137,Stephens,Oklahoma,County
42063,Indiana,Pennsylvania,County
46027,Clay,South Dakota,County
48125,Dickens,Texas,County
5083,Logan,Arkansas,County
5097,Montgomery,Arkansas,County
12051,Hendry,Florida,County
48363,Palo Pinto,Texas,County
20189,Stevens,Kansas,County
48343,Morris,Texas,County
38013,Burke,North Dakota,County
55137,Waushara,Wisconsin,County
56003,Big Horn,Wyoming,County
31061,Franklin,Nebraska,County
56013,Fremont,Wyoming,County
18075,Jay,Indiana,County
46013,Brown,South Dakota,County
46119,Sully,South Dakota,County
5015,Carroll,Arkansas,County
56039,Teton,Wyoming,County
19129,Mills,Iowa,County
20007,Barber,Kansas,County
27079,Le Sueur,Minnesota,County
29075,Gentry,Missouri,County
51117,Mecklenburg,Virginia,County
54109,Wyoming,West Virginia,County
72029,Canóvanas,Puerto Rico,Muno
30085,Roosevelt,Montana,County
16077,Power,Idaho,County
29195,Saline,Missouri,County
8033,Dolores,Colorado,County
19033,Cerro Gordo,Iowa,County
20051,Ellis,Kansas,County
47155,Sevier,Tennessee,County
51147,Prince Edward,Virginia,County
47177,Warren,Tennessee,County
48283,La Salle,Texas,County
54041,Lewis,West Virginia,County
56007,Carbon,Wyoming,County
18121,Parke,Indiana,County
29005,Atchison,Missouri,County
41003,Benton,Oregon,County
48035,Bosque,Texas,County
72111,Peñuelas,Puerto Rico,Muno
44003,Kent,Rhode Island,County
28161,Yalobusha,Mississippi,County
30051,Liberty,Montana,County
42129,Westmoreland,Pennsylvania,County
48379,Rains,Texas,County
51680,Lynchburg,Virginia,City
13285,Troup,Georgia,County
19079,Hamilton,Iowa,County
37137,Pamlico,North Carolina,County
42119,Union,Pennsylvania,County
17203,Woodford,Illinois,County
18081,Johnson,Indiana,County
20179,Sheridan,Kansas,County
21197,Powell,Kentucky,County
29009,Barry,Missouri,County
29177,Ray,Missouri,County
36039,Greene,New York,County
20079,Harvey,Kansas,County
46007,Bennett,South Dakota,County
48053,Burnet,Texas,County
48455,Trinity,Texas,County
20071,Greeley,Kansas,County
42121,Venango,Pennsylvania,County
51620,Franklin,Virginia,City
6055,Napa,California,County
8077,Mesa,Colorado,County
17105,Livingston,Illinois,County
22003,Allen,Louisiana,Parish
28115,Pontotoc,Mississippi,County
36041,Hamilton,New York,County
54099,Wayne,West Virginia,County
13243,Randolph,Georgia,County
18165,Vermillion,Indiana,County
23005,Cumberland,Maine,County
29091,Howell,Missouri,County
29173,Ralls,Missouri,County
31121,Merrick,Nebraska,County
39029,Columbiana,Ohio,County
21083,Graves,Kentucky,County
21163,Meade,Kentucky,County
53011,Clark,Washington,County
5137,Stone,Arkansas,County
41027,Hood River,Oregon,County
48237,Jack,Texas,County
20055,Finney,Kansas,County
21069,Fleming,Kentucky,County
30001,Beaverhead,Montana,County
42081,Lycoming,Pennsylvania,County
42107,Schuylkill,Pennsylvania,County
72083,Las Marías,Puerto Rico,Muno
1133,Winston,Alabama,County
6113,Yolo,California,County
12029,Dixie,Florida,County
45087,Union,South Carolina,County
19189,Winnebago,Iowa,County
47183,Weakley,Tennessee,County
48423,Smith,Texas,County
21119,Knott,Kentucky,County
36085,Richmond,New York,County
46011,Brookings,South Dakota,County
13193,Macon,Georgia,County
13297,Walton,Georgia,County
29207,Stoddard,Missouri,County
36049,Lewis,New York,County
48051,Burleson,Texas,County
17111,McHenry,Illinois,County
21037,Campbell,Kentucky,County
27043,Faribault,Minnesota,County
39173,Wood,Ohio,County
51033,Caroline,Virginia,County
55119,Taylor,Wisconsin,County
56025,Natrona,Wyoming,County
1011,Bullock,Alabama,County
1025,Clarke,Alabama,County
32510,Carson City,Nevada,
45059,Laurens,South Carolina,County
17043,DuPage,Illinois,County
17129,Menard,Illinois,County
22019,Calcasieu,Louisiana,Parish
38019,Cavalier,North Dakota,County
47115,Marion,Tennessee,County
31115,Loup,Nebraska,County
4005,Coconino,Arizona,County
17117,Macoupin,Illinois,County
22033,East Baton Rouge,Louisiana,Parish
41001,Baker,Oregon,County
42051,Fayette,Pennsylvania,County
42125,Washington,Pennsylvania,County
51181,Surry,Virginia,County
20193,Thomas,Kansas,County
31081,Hamilton,Nebraska,County
32005,Douglas,Nevada,County
48121,Denton,Texas,County
48361,Orange,Texas,County
56041,Uinta,Wyoming,County
24037,St. Mary's,Maryland,County
36097,Schuyler,New York,County
37011,Avery,North Carolina,County
48019,Bandera,Texas,County
13221,Oglethorpe,Georgia,County
16065,Madison,Idaho,County
21105,Hickman,Kentucky,County
48323,Maverick,Texas,County
32023,Nye,Nevada,County
19097,Jackson,Iowa,County
26081,Kent,Michigan,County
29186,Ste. Genevieve,Missouri,County
31125,Nance,Nebraska,County
37189,Watauga,North Carolina,County
49041,Sevier,Utah,County
51177,Spotsylvania,Virginia,County
6037,Los Angeles,California,County
18137,Ripley,Indiana,County
21049,Clark,Kentucky,County
37005,Alleghany,North Carolina,County
48097,Cooke,Texas,County
48483,Wheeler,Texas,County
51073,Gloucester,Virginia,County
51183,Sussex,Virginia,County
13305,Wayne,Georgia,County
19183,Washington,Iowa,County
21207,Russell,Kentucky,County
35053,Socorro,New Mexico,County
51085,Hanover,Virginia,County
72147,Vieques,Puerto Rico,Muno
8013,Boulder,Colorado,County
16067,Minidoka,Idaho,County
47045,Dyer,Tennessee,County
2130,Ketchikan Gateway,Alaska,Borough
30101,Toole,Montana,County
42067,Juniata,Pennsylvania,County
46021,Campbell,South Dakota,County
48203,Harrison,Texas,County
72121,Sabana Grande,Puerto Rico,Muno
18181,White,Indiana,County
27041,Douglas,Minnesota,County
29197,Schuyler,Missouri,County
13311,White,Georgia,County
47107,McMinn,Tennessee,County
28035,Forrest,Mississippi,County
38103,Wells,North Dakota,County
55049,Iowa,Wisconsin,County
9001,Fairfield,Connecticut,County
13207,Monroe,Georgia,County
21185,Oldham,Kentucky,County
28101,Newton,Mississippi,County
37139,Pasquotank,North Carolina,County
1123,Tallapoosa,Alabama,County
17171,Scott,Illinois,County
48309,McLennan,Texas,County
55011,Buffalo,Wisconsin,County
2068,Denali,Alaska,Borough
25019,Nantucket,Massachusetts,County
48243,Jeff Davis,Texas,County
17127,Massac,Illinois,County
21125,Laurel,Kentucky,County
37101,Johnston,North Carolina,County
29133,Mississippi,Missouri,County
47083,Houston,Tennessee,County
17177,Stephenson,Illinois,County
18037,Dubois,Indiana,County
12011,Broward,Florida,County
17019,Champaign,Illinois,County
27141,Sherburne,Minnesota,County
39031,Coshocton,Ohio,County
47065,Hamilton,Tennessee,County
51775,Salem,Virginia,City
54105,Wirt,West Virginia,County
12127,Volusia,Florida,County
13307,Webster,Georgia,County
16005,Bannock,Idaho,County
48411,San Saba,Texas,County
2195,Petersburg,Alaska,CA
13009,Baldwin,Georgia,County
17075,Iroquois,Illinois,County
29117,Livingston,Missouri,County
42011,Berks,Pennsylvania,County
51510,Alexandria,Virginia,City
53077,Yakima,Washington,County
13319,Wilkinson,Georgia,County
21079,Garrard,Kentucky,County
48037,Bowie,Texas,County
55039,Fond du Lac,Wisconsin,County
27045,Fillmore,Minnesota,County
29029,Camden,Missouri,County
8029,Delta,Colorado,County
26099,Macomb,Michigan,County
29189,St. Louis,Missouri,County
31105,Kimball,Nebraska,County
12119,Sumter,Florida,County
16007,Bear Lake,Idaho,County
55065,Lafayette,Wisconsin,County
5047,Franklin,Arkansas,County
5057,Hempstead,Arkansas,County
21003,Allen,Kentucky,County
22035,East Carroll,Louisiana,Parish
24027,Howard,Maryland,County
39049,Franklin,Ohio,County
34017,Hudson,New Jersey,County
42049,Erie,Pennsylvania,County
55133,Waukesha,Wisconsin,County
1041,Crenshaw,Alabama,County
17011,Bureau,Illinois,County
28057,Itawamba,Mississippi,County
54065,Morgan,West Virginia,County
47181,Wayne,Tennessee,County
48471,Walker,Texas,County
53045,Mason,Washington,County
16041,Franklin,Idaho,County
16057,Latah,Idaho,County
47165,Sumner,Tennessee,County
48367,Parker,Texas,County
48369,Parmer,Texas,County
51105,Lee,Virginia,County
51125,Nelson,Virginia,County
56021,Laramie,Wyoming,County
16033,Clark,Idaho,County
21199,Pulaski,Kentucky,County
31171,Thomas,Nebraska,County
40055,Greer,Oklahoma,County
4017,Navajo,Arizona,County
13231,Pike,Georgia,County
20197,Wabaunsee,Kansas,County
41065,Wasco,Oregon,County
54025,Greenbrier,West Virginia,County
19119,Lyon,Iowa,County
54103,Wetzel,West Virginia,County
6007,Butte,California,County
20061,Geary,Kansas,County
37051,Cumberland,North Carolina,County
56009,Converse,Wyoming,County
19013,Black Hawk,Iowa,County
48195,Hansford,Texas,County
50005,Caledonia,Vermont,County
5055,Greene,Arkansas,County
36101,Steuben,New York,County
18111,Newton,Indiana,County
38051,McIntosh,North Dakota,County
41007,Clatsop,Oregon,County
47051,Franklin,Tennessee,County
48101,Cottle,Texas,County
5119,Pulaski,Arkansas,County
22053,Jefferson Davis,Louisiana,Parish
51051,Dickenson,Virginia,County
2090,Fairbanks North Star,Alaska,Borough
46085,Lyman,South Dakota,County
47069,Hardeman,Tennessee,County
48501,Yoakum,Texas,County
51003,Albemarle,Virginia,County
21051,Clay,Kentucky,County
23015,Lincoln,Maine,County
27121,Pope,Minnesota,County
41057,Tillamook,Oregon,County
47153,Sequatchie,Tennessee,County
48207,Haskell,Texas,County
13147,Hart,Georgia,County
18057,Hamilton,Indiana,County
21149,McLean,Kentucky,County
28071,Lafayette,Mississippi,County
31157,Scotts Bluff,Nebraska,County
21021,Boyle,Kentucky,County
32013,Humboldt,Nevada,County
47113,Madison,Tennessee,County
51023,Botetourt,Virginia,County
19121,Madison,Iowa,County
36033,Franklin,New York,County
46087,McCook,South Dakota,County
49053,Washington,Utah,County
8119,Teller,Colorado,County
46065,Hughes,South Dakota,County
8101,Pueblo,Colorado,County
18067,Howard,Indiana,County
20117,Marshall,Kansas,County
29027,Callaway,Missouri,County
48219,Hockley,Texas,County
51193,Westmoreland,Virginia,County
22085,Sabine,Louisiana,Parish
48245,Jefferson,Texas,County
55141,Wood,Wisconsin,County
8009,Baca,Colorado,County
21123,Larue,Kentucky,County
49039,Sanpete,Utah,County
72013,Arecibo,Puerto Rico,Muno
11001,District of Columbia,District of Columbia,
19173,Taylor,Iowa,County
28081,Lee,Mississippi,County
46053,Gregory,South Dakota,County
48043,Brewster,Texas,County
51197,Wythe,Virginia,County
53035,Kitsap,Washington,County
12081,Manatee,Florida,County
46033,Custer,South Dakota,County
47087,Jackson,Tennessee,County
53059,Skamania,Washington,County
5033,Crawford,Arkansas,County
8014,Broomfield,Colorado,County
13063,Clayton,Georgia,County
24035,Queen Anne's,Maryland,County
25015,Hampshire,Massachusetts,County
29215,Texas,Missouri,County
31051,Dixon,Nebraska,County
31119,Madison,Nebraska,County
72077,Juncos,Puerto Rico,Muno
23031,York,Maine,County
39083,Knox,Ohio,County
42113,Sullivan,Pennsylvania,County
48393,Roberts,Texas,County
55033,Dunn,Wisconsin,County
19147,Palo Alto,Iowa,County
48091,Comal,Texas,County
51011,Appomattox,Virginia,County
72125,San Germán,Puerto Rico,Muno
20145,Pawnee,Kansas,County
38039,Griggs,North Dakota,County
40095,Marshall,Oklahoma,County
53023,Garfield,Washington,County
1101,Montgomery,Alabama,County
1111,Randolph,Alabama,County
6013,Contra Costa,California,County
8123,Weld,Colorado,County
27155,Traverse,Minnesota,County
36067,Onondaga,New York,County
37039,Cherokee,North Carolina,County
48183,Gregg,Texas,County
48375,Potter,Texas,County
20205,Wilson,Kansas,County
21063,Elliott,Kentucky,County
26029,Charlevoix,Michigan,County
40031,Comanche,Oklahoma,County
47047,Fayette,Tennessee,County
47111,Macon,Tennessee,County
48449,Titus,Texas,County
55125,Vilas,Wisconsin,County
12037,Franklin,Florida,County
34031,Passaic,New Jersey,County
35019,Guadalupe,New Mexico,County
36065,Oneida,New York,County
48353,Nolan,Texas,County
50011,Franklin,Vermont,County
21225,Union,Kentucky,County
31183,Wheeler,Nebraska,County
56027,Niobrara,Wyoming,County
13027,Brooks,Georgia,County
13171,Lamar,Georgia,County
26127,Oceana,Michigan,County
48189,Hale,Texas,County
51690,Martinsville,Virginia,City
5007,Benton,Arkansas,County
28053,Humphreys,Mississippi,County
31169,Thayer,Nebraska,County
39093,Lorain,Ohio,County
51169,Scott,Virginia,County
19151,Pocahontas,Iowa,County
22049,Jackson,Louisiana,Parish
28027,Coahoma,Mississippi,County
39169,Wayne,Ohio,County
1021,Chilton,Alabama,County
8017,Cheyenne,Colorado,County
21157,Marshall,Kentucky,County
34039,Union,New Jersey,County
41051,Multnomah,Oregon,County
47067,Hancock,Tennessee,County
48103,Crane,Texas,County
17179,Tazewell,Illinois,County
48497,Wise,Texas,County
55055,Jefferson,Wisconsin,County
5139,Union,Arkansas,County
22081,Red River,Louisiana,Parish
21177,Muhlenberg,Kentucky,County
34037,Sussex,New Jersey,County
36111,Ulster,New York,County
38001,Adams,North Dakota,County
49027,Millard,Utah,County
19095,Iowa,Iowa,County
21075,Fulton,Kentucky,County
48227,Howard,Texas,County
1029,Cleburne,Alabama,County
5063,Independence,Arkansas,County
27099,Mower,Minnesota,County
28135,Tallahatchie,Mississippi,County
30005,Blaine,Montana,County
56043,Washakie,Wyoming,County
6035,Lassen,California,County
8001,Adams,Colorado,County
17025,Clay,Illinois,County
13177,Lee,Georgia,County
37007,Anson,North Carolina,County
17023,Clark,Illinois,County
26079,Kalkaska,Michigan,County
17033,Crawford,Illinois,County
19085,Harrison,Iowa,County
35017,Grant,New Mexico,County
37119,Mecklenburg,North Carolina,County
48235,Irion,Texas,County
54011,Cabell,West Virginia,County
1067,Henry,Alabama,County
6093,Siskiyou,California,County
21061,Edmonson,Kentucky,County
21211,Shelby,Kentucky,County
39005,Ashland,Ohio,County
2050,Bethel,Alaska,CA
45069,Marlboro,South Carolina,County
48475,Ward,Texas,County
50023,Washington,Vermont,County
54087,Roane,West Virginia,County
72051,Dorado,Puerto Rico,Muno
29211,Sullivan,Missouri,County
42071,Lancaster,Pennsylvania,County
48131,Duval,Texas,County
55019,Clark,Wisconsin,County
1033,Colbert,Alabama,County
13025,Brantley,Georgia,County
49057,Weber,Utah,County
55087,Outagamie,Wisconsin,County
9015,Windham,Connecticut,County
16085,Valley,Idaho,County
19005,Allamakee,Iowa,County
28015,Carroll,Mississippi,County
40093,Major,Oklahoma,County
1027,Clay,Alabama,County
35003,Catron,New Mexico,County
50001,Addison,Vermont,County
72001,Adjuntas,Puerto Rico,Muno
13107,Emanuel,Georgia,County
22089,St. Charles,Louisiana,Parish
48465,Val Verde,Texas,County
72039,Ciales,Puerto Rico,Muno
8021,Conejos,Colorado,County
26121,Muskegon,Michigan,County
29055,Crawford,Missouri,County
46003,Aurora,South Dakota,County
48261,Kenedy,Texas,County
51145,Powhatan,Virginia,County
5021,Clay,Arkansas,County
41009,Columbia,Oregon,County
46031,Corson,South Dakota,County
46075,Jones,South Dakota,County
51155,Pulaski,Virginia,County
60010,Eastern District,American Samoa,
13133,Greene,Georgia,County
18059,Hancock,Indiana,County
37049,Craven,North Carolina,County
40073,Kingfisher,Oklahoma,County
19191,Winneshiek,Iowa,County
37043,Clay,North Carolina,County
39159,Union,Ohio,County
47159,Smith,Tennessee,County
48061,Cameron,Texas,County
51111,Lunenburg,Virginia,County
18061,Harrison,Indiana,County
19139,Muscatine,Iowa,County
27061,Itasca,Minnesota,County
74300,Midway Islands,U.S. Minor Outlying Islands,
4007,Gila,Arizona,County
18031,Decatur,Indiana,County
51077,Grayson,Virginia,County
13105,Elbert,Georgia,County
31117,McPherson,Nebraska,County
38091,Steele,North Dakota,County
39143,Sandusky,Ohio,County
48111,Dallam,Texas,County
55081,Monroe,Wisconsin,County
55123,Vernon,Wisconsin,County
6081,San Mateo,California,County
22025,Catahoula,Louisiana,Parish
22029,Concordia,Louisiana,Parish
27163,Washington,Minnesota,County
45015,Berkeley,South Carolina,County
56015,Goshen,Wyoming,County
4021,Pinal,Arizona,County
18035,Delaware,Indiana,County
45077,Pickens,South Carolina,County
48039,Brazoria,Texas,County
49011,Davis,Utah,County
53043,Lincoln,Washington,County
72017,Barceloneta,Puerto Rico,Muno
21129,Lee,Kentucky,County
36071,Orange,New York,County
16019,Bonneville,Idaho,County
27019,Carver,Minnesota,County
48185,Grimes,Texas,County
16025,Camas,Idaho,County
20135,Ness,Kansas,County
31043,Dakota,Nebraska,County
37191,Wayne,North Carolina,County
49031,Piute,Utah,County
49045,Tooele,Utah,County
20107,Linn,Kansas,County
22061,Lincoln,Louisiana,Parish
27087,Mahnomen,Minnesota,County
42083,McKean,Pennsylvania,County
12071,Lee,Florida,County
30033,Garfield,Montana,County
49001,Beaver,Utah,County
5001,Arkansas,Arkansas,County
5003,Ashley,Arkansas,County
31049,Deuel,Nebraska,County
34009,Cape May,New Jersey,County
40101,Muskogee,Oklahoma,County
47053,Gibson,Tennessee,County
19175,Union,Iowa,County
28009,Benton,Mississippi,County
37083,Halifax,North Carolina,County
6043,Mariposa,California,County
72113,Ponce,Puerto Rico,Muno
5109,Pike,Arkansas,County
6087,Santa Cruz,California,County
22057,Lafourche,Louisiana,Parish
12009,Brevard,Florida,County
26007,Alpena,Michigan,County
29225,Webster,Missouri,County
30009,Carbon,Montana,County
1097,Mobile,Alabama,County
17095,Knox,Illinois,County
18029,Dearborn,Indiana,County
28013,Calhoun,Mississippi,County
29019,Boone,Missouri,County
36037,Genesee,New York,County
40059,Harper,Oklahoma,County
45071,Newberry,South Carolina,County
72117,Rincón,Puerto Rico,Muno
5039,Dallas,Arkansas,County
17151,Pope,Illinois,County
27103,Nicollet,Minnesota,County
33007,Coos,New Hampshire,County
51840,Winchester,Virginia,City
25003,Berkshire,Massachusetts,County
21041,Carroll,Kentucky,County
26003,Alger,Michigan,County
29131,Miller,Missouri,County
37019,Brunswick,North Carolina,County
1109,Pike,Alabama,County
12097,Osceola,Florida,County
13233,Polk,Georgia,County
21213,Simpson,Kentucky,County
28113,Pike,Mississippi,County
29015,Benton,Missouri,County
42013,Blair,Pennsylvania,County
48299,Llano,Texas,County
54037,Jefferson,West Virginia,County
55061,Kewaunee,Wisconsin,County
6023,Humboldt,California,County
17057,Fulton,Illinois,County
17087,Johnson,Illinois,County
27033,Cottonwood,Minnesota,County
30021,Dawson,Montana,County
30073,Pondera,Montana,County
46045,Edmunds,South Dakota,County
69120,Tinian Municipality,Northern Mariana Islands,
12113,Santa Rosa,Florida,County
29157,Perry,Missouri,County
31163,Sherman,Nebraska,County
47001,Anderson,Tennessee,County
55057,Juneau,Wisconsin,County
17123,Marshall,Illinois,County
17191,Wayne,Illinois,County
42003,Allegheny,Pennsylvania,County
6051,Mono,California,County
13251,Screven,Georgia,County
16009,Benewah,Idaho,County
19163,Scott,Iowa,County
27013,Blue Earth,Minnesota,County
48201,Harris,Texas,County
51045,Craig,Virginia,County
72019,Barranquitas,Puerto Rico,Muno
39059,Guernsey,Ohio,County
47077,Henderson,Tennessee,County
47123,Monroe,Tennessee,County
48303,Lubbock,Texas,County
48313,Madison,Texas,County
22071,Orleans,Louisiana,Parish
48159,Franklin,Texas,County
5013,Calhoun,Arkansas,County
12107,Putnam,Florida,County
13075,Cook,Georgia,County
48003,Andrews,Texas,County
8037,Eagle,Colorado,County
13123,Gilmer,Georgia,County
16023,Butte,Idaho,County
17059,Gallatin,Illinois,County
27089,Marshall,Minnesota,County
39155,Trumbull,Ohio,County
47131,Obion,Tennessee,County
49049,Utah,Utah,County
13149,Heard,Georgia,County
21001,Adair,Kentucky,County
56045,Weston,Wyoming,County
39079,Jackson,Ohio,County
51540,Charlottesville,Virginia,City
51710,Norfolk,Virginia,City
21007,Ballard,Kentucky,County
21077,Gallatin,Kentucky,County
24019,Dorchester,Maryland,County
48165,Gaines,Texas,County
13167,Johnson,Georgia,County
17199,Williamson,Illinois,County
36073,Orleans,New York,County
47019,Carter,Tennessee,County
12033,Escambia,Florida,County
72027,Camuy,Puerto Rico,Muno
26009,Antrim,Michigan,County
27113,Pennington,Minnesota,County
1071,Jackson,Alabama,County
10003,New Castle,Delaware,County
21057,Cumberland,Kentucky,County
49051,Wasatch,Utah,County
2164,Lake and Peninsula,Alaska,Borough
47135,Perry,Tennessee,County
48215,Hidalgo,Texas,County
50017,Orange,Vermont,County
19089,Howard,Iowa,County
38027,Eddy,North Dakota,County
48173,Glasscock,Texas,County
51580,Covington,Virginia,City
5093,Mississippi,Arkansas,County
13253,Seminole,Georgia,County
29165,Platte,Missouri,County
32033,White Pine,Nevada,County
45057,Lancaster,South Carolina,County
53007,Chelan,Washington,County
55013,Burnett,Wisconsin,County
13093,Dooly,Georgia,County
17013,Calhoun,Illinois,County
36005,Bronx,New York,County
6061,Placer,California,County
31161,Sheridan,Nebraska,County
37153,Richmond,North Carolina,County
41043,Linn,Oregon,County
41053,Polk,Oregon,County
21133,Letcher,Kentucky,County
22095,St. John the Baptist,Louisiana,Parish
28005,Amite,Mississippi,County
37127,Nash,North Carolina,County
51081,Greensville,Virginia,County
16087,Washington,Idaho,County
22073,Ouachita,Louisiana,Parish
26157,Tuscola,Michigan,County
37073,Gates,North Carolina,County
41019,Douglas,Oregon,County
47147,Robertson,Tennessee,County
4027,Yuma,Arizona,County
27105,Nobles,Minnesota,County
48155,Foard,Texas,County
51153,Prince William,Virginia,County
26117,Montcalm,Michigan,County
37185,Warren,North Carolina,County
42095,Northampton,Pennsylvania,County
5059,Hot Spring,Arkansas,County
20011,Bourbon,Kansas,County
42109,Snyder,Pennsylvania,County
47133,Overton,Tennessee,County
18173,Warrick,Indiana,County
48117,Deaf Smith,Texas,County
50007,Chittenden,Vermont,County
26023,Branch,Michigan,County
28031,Covington,Mississippi,County
29051,Cole,Missouri,County
48133,Eastland,Texas,County
55117,Sheboygan,Wisconsin,County
72145,Vega Baja,Puerto Rico,Muno
27161,Waseca,Minnesota,County
38071,Ramsey,North Dakota,County
47009,Blount,Tennessee,County
51075,Goochland,Virginia,County
22079,Rapides,Louisiana,Parish
1013,Butler,Alabama,County
1049,DeKalb,Alabama,County
28111,Perry,Mississippi,County
48023,Baylor,Texas,County
50013,Grand Isle,Vermont,County
40053,Grant,Oklahoma,County
48461,Upton,Texas,County
55029,Door,Wisconsin,County
2185,North Slope,Alaska,Borough
5089,Marion,Arkansas,County
6103,Tehama,California,County
13117,Forsyth,Georgia,County
51127,New Kent,Virginia,County
18053,Grant,Indiana,County
21085,Grayson,Kentucky,County
21155,Marion,Kentucky,County
21217,Taylor,Kentucky,County
26057,Gratiot,Michigan,County
22015,Bossier,Louisiana,Parish
25025,Suffolk,Massachusetts,County
39077,Huron,Ohio,County
47175,Van Buren,Tennessee,County
72041,Cidra,Puerto Rico,Muno
5071,Johnson,Arkansas,County
13281,Towns,Georgia,County
27111,Otter Tail,Minnesota,County
45053,Jasper,South Carolina,County
47145,Roane,Tennessee,County
48231,Hunt,Texas,County
48485,Wichita,Texas,County
72063,Gurabo,Puerto Rico,Muno
5061,Howard,Arkansas,County
21173,Montgomery,Kentucky,County
32015,Lander,Nevada,County
35059,Union,New Mexico,County
21033,Caldwell,Kentucky,County
51133,Northumberland,Virginia,County
18041,Fayette,Indiana,County
37029,Camden,North Carolina,County
2261,Valdez-Cordova,Alaska,CA
19077,Guthrie,Iowa,County
19113,Linn,Iowa,County
26113,Missaukee,Michigan,County
54063,Monroe,West Virginia,County
69110,Saipan Municipality,Northern Mariana Islands,
13067,Cobb,Georgia,County
18023,Clinton,Indiana,County
19065,Fayette,Iowa,County
35007,Colfax,New Mexico,County
40147,Washington,Oklahoma,County
46107,Potter,South Dakota,County
48425,Somervell,Texas,County
51171,Shenandoah,Virginia,County
19025,Calhoun,Iowa,County
48459,Upshur,Texas,County
48253,Jones,Texas,County
48477,Washington,Texas,County
55121,Trempealeau,Wisconsin,County
40127,Pushmataha,Oklahoma,County
19159,Ringgold,Iowa,County
22119,Webster,Louisiana,Parish
28007,Attala,Mississippi,County
54059,Mingo,West Virginia,County
26141,Presque Isle,Michigan,County
26033,Chippewa,Michigan,County
29057,Dade,Missouri,County
72005,Aguadilla,Puerto Rico,Muno
48205,Hartley,Texas,County
48505,Zapata,Texas,County
12017,Citrus,Florida,County
24015,Cecil,Maryland,County
27001,Aitkin,Minnesota,County
39165,Warren,Ohio,County
49023,Juab,Utah,County
22023,Cameron,Louisiana,Parish
25021,Norfolk,Massachusetts,County
48047,Brooks,Texas,County
56005,Campbell,Wyoming,County
20119,Meade,Kansas,County
12101,Pasco,Florida,County
21039,Carlisle,Kentucky,County
30097,Sweet Grass,Montana,County
39071,Highland,Ohio,County
56023,Lincoln,Wyoming,County
72095,Maunabo,Puerto Rico,Muno
2198,Prince of Wales-Hyder,Alaska,CA
12099,Palm Beach,Florida,County
20087,Jefferson,Kansas,County
27097,Morrison,Minnesota,County
29053,Cooper,Missouri,County
37053,Currituck,North Carolina,County
51041,Chesterfield,Virginia,County
55015,Calumet,Wisconsin,County
28047,Harrison,Mississippi,County
8107,Routt,Colorado,County
29510,St. Louis,Missouri,City
36011,Cayuga,New York,County
46081,Lawrence,South Dakota,County
48191,Hall,Texas,County
22105,Tangipahoa,Louisiana,Parish
51119,Middlesex,Virginia,County
17051,Fayette,Illinois,County
30111,Yellowstone,Montana,County
47097,Lauderdale,Tennessee,County
1089,Madison,Alabama,County
12089,Nassau,Florida,County
20053,Ellsworth,Kansas,County
22051,Jefferson,Louisiana,Parish
29049,Clinton,Missouri,County
42091,Montgomery,Pennsylvania,County
13019,Berrien,Georgia,County
13185,Lowndes,Georgia,County
20167,Russell,Kansas,County
25009,Essex,Massachusetts,County
28077,Lawrence,Mississippi,County
37057,Davidson,North Carolina,County
48025,Bee,Texas,County
51700,Newport News,Virginia,City
29003,Andrew,Missouri,County
46093,Meade,South Dakota,County
47035,Cumberland,Tennessee,County
6115,Yuba,California,County
21215,Spencer,Kentucky,County
36047,Kings,New York,County
36099,Seneca,New York,County
37123,Montgomery,North Carolina,County
51037,Charlotte,Virginia,County
30025,Fallon,Montana,County
31003,Antelope,Nebraska,County
35055,Taos,New Mexico,County
48045,Briscoe,Texas,County
48175,Goliad,Texas,County
54051,Marshall,West Virginia,County
56037,Sweetwater,Wyoming,County
42133,York,Pennsylvania,County
44009,Washington,Rhode Island,County
51001,Accomack,Virginia,County
17085,Jo Daviess,Illinois,County
20103,Leavenworth,Kansas,County
20181,Sherman,Kansas,County
40021,Cherokee,Oklahoma,County
5143,Washington,Arkansas,County
27039,Dodge,Minnesota,County
33005,Cheshire,New Hampshire,County
39139,Richland,Ohio,County
42033,Clearfield,Pennsylvania,County
47121,Meigs,Tennessee,County
55005,Barron,Wisconsin,County
13199,Meriwether,Georgia,County
20063,Gove,Kansas,County
48355,Nueces,Texas,County
5103,Ouachita,Arkansas,County
30003,Big Horn,Montana,County
13057,Cherokee,Georgia,County
19107,Keokuk,Iowa,County
17053,Ford,Illinois,County
20069,Gray,Kansas,County
39089,Licking,Ohio,County
2240,Southeast Fairbanks,Alaska,CA
17121,Marion,Illinois,County
19021,Buena Vista,Iowa,County
21233,Webster,Kentucky,County
28063,Jefferson,Mississippi,County
29209,Stone,Missouri,County
36063,Niagara,New York,County
36093,Schenectady,New York,County
40125,Pottawatomie,Oklahoma,County
48093,Comanche,Texas,County
18005,Bartholomew,Indiana,County
20137,Norton,Kansas,County
41033,Josephine,Oregon,County
47017,Carroll,Tennessee,County
48075,Childress,Texas,County
20021,Cherokee,Kansas,County
26093,Livingston,Michigan,County
30103,Treasure,Montana,County
55077,Marquette,Wisconsin,County
41047,Marion,Oregon,County
15007,Kauai,Hawaii,County
18105,Monroe,Indiana,County
29139,Montgomery,Missouri,County
37069,Franklin,North Carolina,County
48021,Bastrop,Texas,County
53039,Klickitat,Washington,County
5141,Van Buren,Arkansas,County
38053,McKenzie,North Dakota,County
41071,Yamhill,Oregon,County
51007,Amelia,Virginia,County
53033,King,Washington,County
1129,Washington,Alabama,County
23021,Piscataquis,Maine,County
31063,Frontier,Nebraska,County
37103,Jones,North Carolina,County
47055,Giles,Tennessee,County
53053,Pierce,Washington,County
28017,Chickasaw,Mississippi,County
29017,Bollinger,Missouri,County
41041,Lincoln,Oregon,County
72053,Fajardo,Puerto Rico,Muno
72143,Vega Alta,Puerto Rico,Muno
1085,Lowndes,Alabama,County
5085,Lonoke,Arkansas,County
16011,Bingham,Idaho,County
19185,Wayne,Iowa,County
38057,Mercer,North Dakota,County
46061,Hanson,South Dakota,County
53027,Grays Harbor,Washington,County
12079,Madison,Florida,County
29063,DeKalb,Missouri,County
36013,Chautauqua,New York,County
47011,Bradley,Tennessee,County
47039,Decatur,Tennessee,County
48217,Hill,Texas,County
12021,Collier,Florida,County
13137,Habersham,Georgia,County
29087,Holt,Missouri,County
32011,Eureka,Nevada,County
38059,Morton,North Dakota,County
40153,Woodward,Oklahoma,County
41013,Crook,Oregon,County
48199,Hardin,Texas,County
13225,Peach,Georgia,County
1015,Calhoun,Alabama,County
31127,Nemaha,Nebraska,County
36117,Wayne,New York,County
8065,Lake,Colorado,County
19007,Appanoose,Iowa,County
48077,Clay,Texas,County
51083,Halifax,Virginia,County
37001,Alamance,North Carolina,County
48241,Jasper,Texas,County
48265,Kerr,Texas,County
51650,Hampton,Virginia,City
19153,Polk,Iowa,County
29213,Taney,Missouri,County
38075,Renville,North Dakota,County
29149,Oregon,Missouri,County
30011,Carter,Montana,County
30013,Cascade,Montana,County
34003,Bergen,New Jersey,County
72031,Carolina,Puerto Rico,Muno
13169,Jones,Georgia,County
31159,Seward,Nebraska,County
50015,Lamoille,Vermont,County
12059,Holmes,Florida,County
24005,Baltimore,Maryland,County
27057,Hubbard,Minnesota,County
27065,Kanabec,Minnesota,County
30023,Deer Lodge,Montana,County
51191,Washington,Virginia,County
8049,Grand,Colorado,County
20153,Rawlins,Kansas,County
26037,Clinton,Michigan,County
31137,Phelps,Nebraska,County
13095,Dougherty,Georgia,County
48269,King,Texas,County
51109,Louisa,Virginia,County
54075,Pocahontas,West Virginia,County
17047,Edwards,Illinois,County
38005,Benson,North Dakota,County
48079,Cochran,Texas,County
48089,Colorado,Texas,County
13191,McIntosh,Georgia,County
35021,Harding,New Mexico,County
40039,Custer,Oklahoma,County
48123,DeWitt,Texas,County
48295,Lipscomb,Texas,County
54079,Putnam,West Virginia,County
23013,Knox,Maine,County
23025,Somerset,Maine,County
27093,Meeker,Minnesota,County
29023,Butler,Missouri,County
46103,Pennington,South Dakota,County
51173,Smyth,Virginia,County
53031,Jefferson,Washington,County
4019,Pima,Arizona,County
29071,Franklin,Missouri,County
6025,Imperial,California,County
48397,Rockwall,Texas,County
21165,Menifee,Kentucky,County
27107,Norman,Minnesota,County
29041,Chariton,Missouri,County
36025,Delaware,New York,County
37131,Northampton,North Carolina,County
40057,Harmon,Oklahoma,County
42087,Mifflin,Pennsylvania,County
42123,Warren,Pennsylvania,County
47137,Pickett,Tennessee,County
48271,Kinney,Texas,County
13249,Schley,Georgia,County
28141,Tishomingo,Mississippi,County
37099,Jackson,North Carolina,County
47023,Chester,Tennessee,County
50019,Orleans,Vermont,County
72099,Moca,Puerto Rico,Muno
20005,Atchison,Kansas,County
24021,Frederick,Maryland,County
26139,Ottawa,Michigan,County
28003,Alcorn,Mississippi,County
30027,Fergus,Montana,County
37117,Martin,North Carolina,County
38105,Williams,North Dakota,County
42075,Lebanon,Pennsylvania,County
42089,Monroe,Pennsylvania,County
48499,Wood,Texas,County
13083,Dade,Georgia,County
42111,Somerset,Pennsylvania,County
46135,Yankton,South Dakota,County
1017,Chambers,Alabama,County
12073,Leon,Florida,County
17107,Logan,Illinois,County
21099,Hart,Kentucky,County
28085,Lincoln,Mississippi,County
36031,Essex,New York,County
45041,Florence,South Carolina,County
48017,Bailey,Texas,County
51730,Petersburg,Virginia,City
53057,Skagit,Washington,County
29025,Caldwell,Missouri,County
29043,Christian,Missouri,County
36121,Wyoming,New York,County
39057,Greene,Ohio,County
40023,Choctaw,Oklahoma,County
45039,Fairfield,South Carolina,County
12013,Calhoun,Florida,County
13055,Chattooga,Georgia,County
16037,Custer,Idaho,County
41011,Coos,Oregon,County
54095,Tyler,West Virginia,County
55067,Langlade,Wisconsin,County
5041,Desha,Arkansas,County
46129,Walworth,South Dakota,County
48171,Gillespie,Texas,County
16071,Oneida,Idaho,County
48229,Hudspeth,Texas,County
48435,Sutton,Texas,County
48439,Tarrant,Texas,County
2013,Aleutians East,Alaska,Borough
18169,Wabash,Indiana,County
21141,Logan,Kentucky,County
38011,Bowman,North Dakota,County
39061,Hamilton,Ohio,County
39075,Holmes,Ohio,County
48069,Castro,Texas,County
48383,Reagan,Texas,County
16061,Lewis,Idaho,County
38023,Divide,North Dakota,County
51167,Russell,Virginia,County
55063,La Crosse,Wisconsin,County
48319,Mason,Texas,County
1055,Etowah,Alabama,County
17169,Schuyler,Illinois,County
21121,Knox,Kentucky,County
27167,Wilkin,Minnesota,County
49047,Uintah,Utah,County
36045,Jefferson,New York,County
48033,Borden,Texas,County
55129,Washburn,Wisconsin,County
13201,Miller,Georgia,County
46099,Minnehaha,South Dakota,County
48157,Fort Bend,Texas,County
55023,Crawford,Wisconsin,County
8081,Moffat,Colorado,County
66010,Guam,Guam,
27055,Houston,Minnesota,County
55113,Sawyer,Wisconsin,County
39039,Defiance,Ohio,County
47057,Grainger,Tennessee,County
29065,Dent,Missouri,County
40051,Grady,Oklahoma,County
31167,Stanton,Nebraska,County
55041,Forest,Wisconsin,County
25007,Dukes,Massachusetts,County
17067,Hancock,Illinois,County
17077,Jackson,Illinois,County
20041,Dickinson,Kansas,County
29221,Washington,Missouri,County
31025,Cass,Nebraska,County
47013,Campbell,Tennessee,County
53069,Wahkiakum,Washington,County
20143,Ottawa,Kansas,County
21221,Trigg,Kentucky,County
22113,Vermilion,Louisiana,Parish
26061,Houghton,Michigan,County
30095,Stillwater,Montana,County
36007,Broome,New York,County
37181,Vance,North Carolina,County
40099,Murray,Oklahoma,County
48335,Mitchell,Texas,County
49003,Box Elder,Utah,County
55095,Polk,Wisconsin,County
26107,Mecosta,Michigan,County
40029,Coal,Oklahoma,County
53009,Clallam,Washington,County
13079,Crawford,Georgia,County
51165,Rockingham,Virginia,County
6069,San Benito,California,County
23029,Washington,Maine,County
29227,Worth,Missouri,County
30057,Madison,Montana,County
42009,Bedford,Pennsylvania,County
48329,Midland,Texas,County
6111,Ventura,California,County
19081,Hancock,Iowa,County
40015,Caddo,Oklahoma,County
48153,Floyd,Texas,County
55017,Chippewa,Wisconsin,County
72097,Mayagüez,Puerto Rico,Muno
6017,El Dorado,California,County
27117,Pipestone,Minnesota,County
13309,Wheeler,Georgia,County
35043,Sandoval,New Mexico,County
37033,Caswell,North Carolina,County
48221,Hood,Texas,County
48443,Terrell,Texas,County
15005,Kalawao,Hawaii,County
26019,Benzie,Michigan,County
29033,Carroll,Missouri,County
30019,Daniels,Montana,County
6109,Tuolumne,California,County
37025,Cabarrus,North Carolina,County
39003,Allen,Ohio,County
51175,Southampton,Virginia,County
29013,Bates,Missouri,County
29167,Polk,Missouri,County
8083,Montezuma,Colorado,County
39127,Perry,Ohio,County
6065,Riverside,California,County
8075,Logan,Colorado,County
21111,Jefferson,Kentucky,County
41039,Lane,Oregon,County
39085,Lake,Ohio,County
49013,Duchesne,Utah,County
29143,New Madrid,Missouri,County
36009,Cattaraugus,New York,County
40117,Pawnee,Oklahoma,County
51005,Alleghany,Virginia,County
5053,Grant,Arkansas,County
20059,Franklin,Kansas,County
20141,Osborne,Kansas,County
27075,Lake,Minnesota,County
29123,Madison,Missouri,County
6031,Kings,California,County
39121,Noble,Ohio,County
48325,Medina,Texas,County
21131,Leslie,Kentucky,County
29093,Iron,Missouri,County
47095,Lake,Tennessee,County
1083,Limestone,Alabama,County
27085,McLeod,Minnesota,County
30063,Missoula,Montana,County
35051,Sierra,New Mexico,County
37199,Yancey,North Carolina,County
51093,Isle of Wight,Virginia,County
55135,Waupaca,Wisconsin,County
40145,Wagoner,Oklahoma,County
42055,Franklin,Pennsylvania,County
53013,Columbia,Washington,County
16075,Payette,Idaho,County
47187,Williamson,Tennessee,County
48495,Winkler,Texas,County
8047,Gilpin,Colorado,County
18103,Miami,Indiana,County
19181,Warren,Iowa,County
29077,Greene,Missouri,County
36001,Albany,New York,County
19041,Clay,Iowa,County
31005,Arthur,Nebraska,County
48389,Reeves,Texas,County
51107,Loudoun,Virginia,County
37079,Greene,North Carolina,County
45003,Aiken,South Carolina,County
55007,Bayfield,Wisconsin,County
20039,Decatur,Kansas,County
21103,Henry,Kentucky,County
22047,Iberville,Louisiana,Parish
45001,Abbeville,South Carolina,County
48491,Williamson,Texas,County
17145,Perry,Illinois,County
19015,Boone,Iowa,County
22039,Evangeline,Louisiana,Parish
42027,Centre,Pennsylvania,County
48507,Zavala,Texas,County
51099,King George,Virginia,County
30061,Mineral,Montana,County
54053,Mason,West Virginia,County
30031,Gallatin,Montana,County
30067,Park,Montana,County
31021,Burt,Nebraska,County
37141,Pender,North Carolina,County
48263,Kent,Texas,County
22059,La Salle,Louisiana,Parish
42023,Cameron,Pennsylvania,County
42093,Montour,Pennsylvania,County
60050,Western District,American Samoa,
13101,Echols,Georgia,County
16003,Adams,Idaho,County
19063,Emmet,Iowa,County
13255,Spalding,Georgia,County
26063,Huron,Michigan,County
36035,Fulton,New York,County
20209,Wyandotte,Kansas,County
21229,Washington,Kentucky,County
37071,Gaston,North Carolina,County
51019,Bedford,Virginia,County
29111,Lewis,Missouri,County
45037,Edgefield,South Carolina,County
2150,Kodiak Island,Alaska,Borough
12005,Bay,Florida,County
29021,Buchanan,Missouri,County
30089,Sanders,Montana,County
19109,Kossuth,Iowa,County
21117,Kenton,Kentucky,County
24029,Kent,Maryland,County
34023,Middlesex,New Jersey,County
6099,Stanislaus,California,County
12125,Union,Florida,County
21101,Henderson,Kentucky,County
46111,Sanborn,South Dakota,County
47105,Loudon,Tennessee,County
48327,Menard,Texas,County
48403,Sabine,Texas,County
2070,Dillingham,Alaska,CA
5113,Polk,Arkansas,County
20191,Sumner,Kansas,County
29001,Adair,Missouri,County
54067,Nicholas,West Virginia,County
54069,Ohio,West Virginia,County
55089,Ozaukee,Wisconsin,County
5121,Randolph,Arkansas,County
51179,Stafford,Virginia,County
72073,Jayuya,Puerto Rico,Muno
18113,Noble,Indiana,County
21153,Magoffin,Kentucky,County
38061,Mountrail,North Dakota,County
12031,Duval,Florida,County
28001,Adams,Mississippi,County
31181,Webster,Nebraska,County
42097,Northumberland,Pennsylvania,County
27027,Clay,Minnesota,County
36077,Otsego,New York,County
39095,Lucas,Ohio,County
40109,Oklahoma,Oklahoma,County
18161,Union,Indiana,County
28039,George,Mississippi,County
28123,Scott,Mississippi,County
36079,Putnam,New York,County
38015,Burleigh,North Dakota,County
38049,McHenry,North Dakota,County
29129,Mercer,Missouri,County
39025,Clermont,Ohio,County
48099,Coryell,Texas,County
48431,Sterling,Texas,County
13029,Bryan,Georgia,County
27071,Koochiching,Minnesota,County
46102,Oglala Lakota County,South Dakota,
20009,Barton,Kansas,County
21151,Madison,Kentucky,County
22115,Vernon,Louisiana,Parish
38095,Towner,North Dakota,County
5125,Saline,Arkansas,County
17165,Saline,Illinois,County
40081,Lincoln,Oklahoma,County
45031,Darlington,South Carolina,County
50027,Windsor,Vermont,County
13159,Jasper,Georgia,County
20125,Montgomery,Kansas,County
40067,Jefferson,Oklahoma,County
48281,Lampasas,Texas,County
51199,York,Virginia,County
6033,Lake,California,County
19087,Henry,Iowa,County
21195,Pike,Kentucky,County
31173,Thurston,Nebraska,County
48127,Dimmit,Texas,County
18015,Carroll,Indiana,County
46057,Hamlin,South Dakota,County
6107,Tulare,California,County
19083,Hardin,Iowa,County
21067,Fayette,Kentucky,County
39055,Geauga,Ohio,County
48351,Newton,Texas,County
17201,Winnebago,Illinois,County
27169,Winona,Minnesota,County
29061,Daviess,Missouri,County
34041,Warren,New Jersey,County
42059,Greene,Pennsylvania,County
46039,Deuel,South Dakota,County
60040,Swains Island,American Samoa,
13043,Candler,Georgia,County
17181,Union,Illinois,County
47041,DeKalb,Tennessee,County
72025,Caguas,Puerto Rico,Muno
72119,Río Grande,Puerto Rico,Muno
31035,Clay,Nebraska,County
35057,Torrance,New Mexico,County
39001,Adams,Ohio,County
48055,Caldwell,Texas,County
49055,Wayne,Utah,County
72081,Lares,Puerto Rico,Muno
12131,Walton,Florida,County
18145,Shelby,Indiana,County
29187,St. Francois,Missouri,County
5037,Cross,Arkansas,County
21093,Hardin,Kentucky,County
28137,Tate,Mississippi,County
40037,Creek,Oklahoma,County
19141,O'Brien,Iowa,County
13011,Banks,Georgia,County
39099,Mahoning,Ohio,County
18085,Kosciusko,Indiana,County
31095,Jefferson,Nebraska,County
46047,Fall River,South Dakota,County
17167,Sangamon,Illinois,County
22127,Winn,Louisiana,Parish
40087,McClain,Oklahoma,County
47117,Marshall,Tennessee,County
48287,Lee,Texas,County
1105,Perry,Alabama,County
41045,Malheur,Oregon,County
46105,Perkins,South Dakota,County
47071,Hardin,Tennessee,County
2188,Northwest Arctic,Alaska,Borough
35009,Curry,New Mexico,County
36003,Allegany,New York,County
54031,Hardy,West Virginia,County
5051,Garland,Arkansas,County
6019,Fresno,California,County
17079,Jasper,Illinois,County
54007,Braxton,West Virginia,County
31103,Keya Paha,Nebraska,County
55073,Marathon,Wisconsin,County
18039,Elkhart,Indiana,County
42019,Butler,Pennsylvania,County
51670,Hopewell,Virginia,City
51820,Waynesboro,Virginia,City
18025,Crawford,Indiana,County
18099,Marshall,Indiana,County
20003,Anderson,Kansas,County
25013,Hampden,Massachusetts,County
28029,Copiah,Mississippi,County
40085,Love,Oklahoma,County
51790,Staunton,Virginia,City
1019,Cherokee,Alabama,County
47103,Lincoln,Tennessee,County
55025,Dane,Wisconsin,County
17069,Hardin,Illinois,County
21013,Bell,Kentucky,County
26011,Arenac,Michigan,County
26101,Manistee,Michigan,County
31091,Hooker,Nebraska,County
31155,Saunders,Nebraska,County
48255,Karnes,Texas,County
72089,Luquillo,Puerto Rico,Muno
51185,Tazewell,Virginia,County
5035,Crittenden,Arkansas,County
31065,Furnas,Nebraska,County
37133,Onslow,North Carolina,County
38037,Grant,North Dakota,County
40107,Okfuskee,Oklahoma,County
20085,Jackson,Kansas,County
21145,McCracken,Kentucky,County
40069,Johnston,Oklahoma,County
46115,Spink,South Dakota,County
1039,Covington,Alabama,County
13037,Calhoun,Georgia,County
13265,Taliaferro,Georgia,County
20201,Washington,Kansas,County
37151,Randolph,North Carolina,County
18101,Martin,Indiana,County
48441,Taylor,Texas,County
27063,Jackson,Minnesota,County
48405,San Augustine,Texas,County
55027,Dodge,Wisconsin,County
5009,Boone,Arkansas,County
5077,Lee,Arkansas,County
18049,Fulton,Indiana,County
22041,Franklin,Louisiana,Parish
39107,Mercer,Ohio,County
18133,Putnam,Indiana,County
37167,Stanly,North Carolina,County
53049,Pacific,Washington,County
30093,Silver Bow,Montana,County
48385,Real,Texas,County
13227,Pickens,Georgia,County
22013,Bienville,Louisiana,Parish
39021,Champaign,Ohio,County
48429,Stephens,Texas,County
13277,Tift,Georgia,County
24039,Somerset,Maryland,County
30077,Powell,Montana,County
46029,Codington,South Dakota,County
51121,Montgomery,Virginia,County
18033,DeKalb,Indiana,County
21143,Lyon,Kentucky,County
26069,Iosco,Michigan,County
31139,Pierce,Nebraska,County
41063,Wallowa,Oregon,County
18147,Spencer,Indiana,County
21065,Estill,Kentucky,County
47169,Trousdale,Tennessee,County
13121,Fulton,Georgia,County
20101,Lane,Kansas,County
22103,St. Tammany,Louisiana,Parish
25027,Worcester,Massachusetts,County
45081,Saluda,South Carolina,County
47099,Lawrence,Tennessee,County
8125,Yuma,Colorado,County
24033,Prince George's,Maryland,County
26035,Clare,Michigan,County
28087,Lowndes,Mississippi,County
31057,Dundy,Nebraska,County
55031,Douglas,Wisconsin,County
13143,Haralson,Georgia,County
17039,De Witt,Illinois,County
18129,Posey,Indiana,County
26075,Jackson,Michigan,County
33019,Sullivan,New Hampshire,County
13139,Hall,Georgia,County
19197,Wright,Iowa,County
20093,Kearny,Kansas,County
29105,Laclede,Missouri,County
39019,Carroll,Ohio,County
51097,King and Queen,Virginia,County
51139,Page,Virginia,County
8087,Morgan,Colorado,County
30049,Lewis and Clark,Montana,County
18051,Gibson,Indiana,County
21019,Boyd,Kentucky,County
8071,Las Animas,Colorado,County
26025,Calhoun,Michigan,County
47021,Cheatham,Tennessee,County
48031,Blanco,Texas,County
55003,Ashland,Wisconsin,County
56033,Sheridan,Wyoming,County
21139,Livingston,Kentucky,County
28033,DeSoto,Mississippi,County
47171,Unicoi,Tennessee,County
72057,Guayama,Puerto Rico,Muno
34019,Hunterdon,New Jersey,County
34033,Salem,New Jersey,County
37097,Iredell,North Carolina,County
39131,Pike,Ohio,County
26071,Iron,Michigan,County
31013,Box Butte,Nebraska,County
36017,Chenango,New York,County
39147,Seneca,Ohio,County
51161,Roanoke,Virginia,County
18151,Steuben,Indiana,County
51047,Culpeper,Virginia,County
17147,Piatt,Illinois,County
21169,Metcalfe,Kentucky,County
26103,Marquette,Michigan,County
39109,Miami,Ohio,County
17001,Adams,Illinois,County
17113,McLean,Illinois,County
20195,Trego,Kansas,County
28125,Sharkey,Mississippi,County
31087,Hitchcock,Nebraska,County
37037,Chatham,North Carolina,County
48275,Knox,Texas,County
13301,Warren,Georgia,County
16073,Owyhee,Idaho,County
18011,Boone,Indiana,County
38021,Dickey,North Dakota,County
2180,Nome,Alaska,CA
19075,Grundy,Iowa,County
46009,Bon Homme,South Dakota,County
54005,Boone,West Virginia,County
55083,Oconto,Wisconsin,County
55091,Pepin,Wisconsin,County
8051,Gunnison,Colorado,County
12091,Okaloosa,Florida,County
13081,Crisp,Georgia,County
13183,Long,Georgia,County
13257,Stephens,Georgia,County
46117,Stanley,South Dakota,County
72061,Guaynabo,Puerto Rico,Muno
13259,Stewart,Georgia,County
48029,Bexar,Texas,County
6073,San Diego,California,County
42045,Delaware,Pennsylvania,County
48469,Victoria,Texas,County
49029,Morgan,Utah,County
51067,Franklin,Virginia,County
51760,Richmond,Virginia,City
4015,Mohave,Arizona,County
39175,Wyandot,Ohio,County
40013,Bryan,Oklahoma,County
40061,Haskell,Oklahoma,County
47125,Montgomery,Tennessee,County
48197,Hardeman,Texas,County
5115,Pope,Arkansas,County
13241,Rabun,Georgia,County
28149,Warren,Mississippi,County
37175,Transylvania,North Carolina,County
40139,Texas,Oklahoma,County
46071,Jackson,South Dakota,County
1107,Pickens,Alabama,County
1119,Sumter,Alabama,County
37003,Alexander,North Carolina,County
39171,Williams,Ohio,County
45065,McCormick,South Carolina,County
48115,Dawson,Texas,County
5081,Little River,Arkansas,County
4012,La Paz,Arizona,County
13273,Terrell,Georgia,County
17029,Coles,Illinois,County
17143,Peoria,Illinois,County
18149,Starke,Indiana,County
39081,Jefferson,Ohio,County
46035,Davison,South Dakota,County
48119,Delta,Texas,County
54039,Kanawha,West Virginia,County
21227,Warren,Kentucky,County
29153,Ozark,Missouri,County
51735,Poquoson,Virginia,City
72033,Cataño,Puerto Rico,Muno
31023,Butler,Nebraska,County
37159,Rowan,North Carolina,County
47109,McNairy,Tennessee,County
48135,Ector,Texas,County
28023,Clarke,Mississippi,County
29047,Clay,Missouri,County
48407,San Jacinto,Texas,County
19149,Plymouth,Iowa,County
21135,Lewis,Kentucky,County
51021,Bland,Virginia,County
8069,Larimer,Colorado,County
19019,Buchanan,Iowa,County
19195,Worth,Iowa,County
21171,Monroe,Kentucky,County
22091,St. Helena,Louisiana,Parish
39111,Monroe,Ohio,County
72087,Loíza,Puerto Rico,Muno
1031,Coffee,Alabama,County
27127,Redwood,Minnesota,County
30053,Lincoln,Montana,County
37165,Scotland,North Carolina,County
48415,Scurry,Texas,County
20207,Woodson,Kansas,County
28119,Quitman,Mississippi,County
34005,Burlington,New Jersey,County
38031,Foster,North Dakota,County
38069,Pierce,North Dakota,County
39141,Ross,Ohio,County
5005,Baxter,Arkansas,County
5095,Monroe,Arkansas,County
6089,Shasta,California,County
39129,Pickaway,Ohio,County
39163,Vinton,Ohio,County
48311,McMullen,Texas,County
21073,Franklin,Kentucky,County
24003,Anne Arundel,Maryland,County
53019,Ferry,Washington,County
56001,Albany,Wyoming,County
12095,Orange,Florida,County
51053,Dinwiddie,Virginia,County
69085,Northern Islands Municipality,Northern Mariana Islands,
40089,McCurtain,Oklahoma,County
27149,Stevens,Minnesota,County
36113,Warren,New York,County
38077,Richland,North Dakota,County
40119,Payne,Oklahoma,County
48081,Coke,Texas,County
1045,Dale,Alabama,County
13119,Franklin,Georgia,County
26129,Ogemaw,Michigan,County
29119,McDonald,Missouri,County
42025,Carbon,Pennsylvania,County
8005,Arapahoe,Colorado,County
12133,Washington,Florida,County
16021,Boundary,Idaho,County
51103,Lancaster,Virginia,County
56035,Sublette,Wyoming,County
6053,Monterey,California,County
46127,Union,South Dakota,County
54081,Raleigh,West Virginia,County
13205,Mitchell,Georgia,County
19069,Franklin,Iowa,County
27153,Todd,Minnesota,County
42037,Columbia,Pennsylvania,County
48401,Rusk,Texas,County
48473,Waller,Texas,County
19009,Audubon,Iowa,County
19099,Jasper,Iowa,County
19157,Poweshiek,Iowa,County
47127,Moore,Tennessee,County
1131,Wilcox,Alabama,County
12087,Monroe,Florida,County
18139,Rush,Indiana,County
29083,Henry,Missouri,County
32031,Washoe,Nevada,County
36023,Cortland,New York,County
6075,San Francisco,California,County
20081,Haskell,Kansas,County
48381,Randall,Texas,County
21203,Rockcastle,Kentucky,County
22093,St. James,Louisiana,Parish
26017,Bay,Michigan,County
27003,Anoka,Minnesota,County
32019,Lyon,Nevada,County
12001,Alachua,Florida,County
17109,McDonough,Illinois,County
19037,Chickasaw,Iowa,County
21147,McCreary,Kentucky,County
21237,Wolfe,Kentucky,County
47085,Humphreys,Tennessee,County
20115,Marion,Kansas,County
28067,Jones,Mississippi,County
51035,Carroll,Virginia,County
12007,Bradford,Florida,County
20047,Edwards,Kansas,County
31055,Douglas,Nebraska,County
48107,Crosby,Texas,County
19003,Adams,Iowa,County
26045,Eaton,Michigan,County
16063,Lincoln,Idaho,County
27031,Cook,Minnesota,County
30107,Wheatland,Montana,County
37161,Rutherford,North Carolina,County
54049,Marion,West Virginia,County
21089,Greenup,Kentucky,County
28037,Franklin,Mississippi,County
26055,Grand Traverse,Michigan,County
28103,Noxubee,Mississippi,County
36061,New York,New York,County
48233,Hutchinson,Texas,County
20019,Chautauqua,Kansas,County
27091,Martin,Minnesota,County
35023,Hidalgo,New Mexico,County
22101,St. Mary,Louisiana,Parish
22111,Union,Louisiana,Parish
37163,Sampson,North Carolina,County
24510,Baltimore,Maryland,City
31059,Fillmore,Nebraska,County
31141,Platte,Nebraska,County
27017,Carlton,Minnesota,County
31153,Sarpy,Nebraska,County
4011,Greenlee,Arizona,County
18163,Vanderburgh,Indiana,County
19111,Lee,Iowa,County
22037,East Feliciana,Louisiana,Parish
28065,Jefferson Davis,Mississippi,County
32009,Esmeralda,Nevada,County
48169,Garza,Texas,County
51065,Fluvanna,Virginia,County
53073,Whatcom,Washington,County
2016,Aleutians West,Alaska,CA
8045,Garfield,Colorado,County
13271,Telfair,Georgia,County
21109,Jackson,Kentucky,County
49005,Cache,Utah,County
19035,Cherokee,Iowa,County
45067,Marion,South Carolina,County
13103,Effingham,Georgia,County
13111,Fannin,Georgia,County
39051,Fulton,Ohio,County
42041,Cumberland,Pennsylvania,County
51683,Manassas,Virginia,City
26145,Saginaw,Michigan,County
29171,Putnam,Missouri,County
36119,Westchester,New York,County
46041,Dewey,South Dakota,County
47161,Stewart,Tennessee,County
48027,Bell,Texas,County
48065,Carson,Texas,County
51143,Pittsylvania,Virginia,County
38043,Kidder,North Dakota,County
40019,Carter,Oklahoma,County
23023,Sagadahoc,Maine,County
19053,Decatur,Iowa,County
26159,Van Buren,Michigan,County
29179,Reynolds,Missouri,County
30043,Jefferson,Montana,County
31015,Boyd,Nebraska,County
34001,Atlantic,New Jersey,County
12065,Jefferson,Florida,County
13163,Jefferson,Georgia,County
38035,Grand Forks,North Dakota,County
39113,Montgomery,Ohio,County
40043,Dewey,Oklahoma,County
46095,Mellette,South Dakota,County
51570,Colonial Heights,Virginia,City
1113,Russell,Alabama,County
19171,Tama,Iowa,County
21205,Rowan,Kentucky,County
28061,Jasper,Mississippi,County
28147,Walthall,Mississippi,County
27007,Beltrami,Minnesota,County
28021,Claiborne,Mississippi,County
29069,Dunklin,Missouri,County
8115,Sedgwick,Colorado,County
13077,Coweta,Georgia,County
21047,Christian,Kentucky,County
45007,Anderson,South Carolina,County
47189,Wilson,Tennessee,County
72107,Orocovis,Puerto Rico,Muno
13165,Jenkins,Georgia,County
17073,Henry,Illinois,County
18017,Cass,Indiana,County
20015,Butler,Kansas,County
37085,Harnett,North Carolina,County
56031,Platte,Wyoming,County
17091,Kankakee,Illinois,County
29217,Vernon,Missouri,County
33009,Grafton,New Hampshire,County
42039,Crawford,Pennsylvania,County
48445,Terry,Texas,County
48479,Webb,Texas,County
8103,Rio Blanco,Colorado,County
17185,Wabash,Illinois,County
27053,Hennepin,Minnesota,County
39115,Morgan,Ohio,County
31113,Logan,Nebraska,County
48085,Collin,Texas,County
48285,Lavaca,Texas,County
26087,Lapeer,Michigan,County
45075,Orangeburg,South Carolina,County
19167,Sioux,Iowa,County
47163,Sullivan,Tennessee,County
10005,Sussex,Delaware,County
29113,Lincoln,Missouri,County
37109,Lincoln,North Carolina,County
37147,Pitt,North Carolina,County
48257,Kaufman,Texas,County
48467,Van Zandt,Texas,County
51057,Essex,Virginia,County
20097,Kiowa,Kansas,County
28163,Yazoo,Mississippi,County
46077,Kingsbury,South Dakota,County
13089,DeKalb,Georgia,County
17193,White,Illinois,County
26001,Alcona,Michigan,County
26123,Newaygo,Michigan,County
37155,Robeson,North Carolina,County
12093,Okeechobee,Florida,County
28133,Sunflower,Mississippi,County
29219,Warren,Missouri,County
37077,Granville,North Carolina,County
47049,Fentress,Tennessee,County
55107,Rusk,Wisconsin,County
27021,Cass,Minnesota,County
1035,Conecuh,Alabama,County
18073,Jasper,Indiana,County
40133,Seminole,Oklahoma,County
48139,Ellis,Texas,County
55105,Rock,Wisconsin,County
20089,Jewell,Kansas,County
29067,Douglas,Missouri,County
37067,Forsyth,North Carolina,County
37183,Wake,North Carolina,County
2105,Hoonah-Angoon,Alaska,CA
6021,Glenn,California,County
19165,Shelby,Iowa,County
20049,Elk,Kansas,County
29145,Newton,Missouri,County
30037,Golden Valley,Montana,County
30099,Teton,Montana,County
40035,Craig,Oklahoma,County
46123,Tripp,South Dakota,County
48151,Fisher,Texas,County
55037,Florence,Wisconsin,County
55109,St. Croix,Wisconsin,County
12109,St. Johns,Florida,County
26133,Osceola,Michigan,County
49017,Garfield,Utah,County
6003,Alpine,California,County
16059,Lemhi,Idaho,County
24023,Garrett,Maryland,County
39053,Gallia,Ohio,County
45083,Spartanburg,South Carolina,County
53029,Island,Washington,County
54091,Taylor,West Virginia,County
17141,Ogle,Illinois,County
42053,Forest,Pennsylvania,County
51101,King William,Virginia,County
51149,Prince George,Virginia,County
19057,Des Moines,Iowa,County
27165,Watonwan,Minnesota,County
51113,Madison,Virginia,County
55035,Eau Claire,Wisconsin,County
29229,Wright,Missouri,County
34027,Morris,New Jersey,County
48177,Gonzales,Texas,County
27015,Brown,Minnesota,County
38101,Ward,North Dakota,County
40047,Garfield,Oklahoma,County
12035,Flagler,Florida,County
36107,Tioga,New York,County
37169,Stokes,North Carolina,County
22011,Beauregard,Louisiana,Parish
40027,Cleveland,Oklahoma,County
51009,Amherst,Virginia,County
1095,Marshall,Alabama,County
27147,Steele,Minnesota,County
51520,Bristol,Virginia,City
51800,Suffolk,Virginia,City
6041,Marin,California,County
13245,Richmond,Georgia,County
26051,Gladwin,Michigan,County
46089,McPherson,South Dakota,County
17115,Macon,Illinois,County
21201,Robertson,Kentucky,County
31075,Grant,Nebraska,County
36103,Suffolk,New York,County
19143,Osceola,Iowa,County
29107,Lafayette,Missouri,County
39125,Paulding,Ohio,County
46049,Faulk,South Dakota,County
47141,Putnam,Tennessee,County
60030,Rose Island,American Samoa,
40005,Atoka,Oklahoma,County
54033,Harrison,West Virginia,County
8093,Park,Colorado,County
8111,San Juan,Colorado,County
37195,Wilson,North Carolina,County
45005,Allendale,South Carolina,County
49019,Grand,Utah,County
50021,Rutland,Vermont,County
20001,Allen,Kansas,County
5023,Cleburne,Arkansas,County
2100,Haines,Alaska,Borough
18089,Lake,Indiana,County
19125,Marion,Iowa,County
21167,Mercer,Kentucky,County
28073,Lamar,Mississippi,County
72149,Villalba,Puerto Rico,Muno
46101,Moody,South Dakota,County
6039,Madera,California,County
17133,Monroe,Illinois,County
20031,Coffey,Kansas,County
31149,Rock,Nebraska,County
35045,San Juan,New Mexico,County
40129,Roger Mills,Oklahoma,County
6071,San Bernardino,California,County
30015,Chouteau,Montana,County
48095,Concho,Texas,County
38029,Emmons,North Dakota,County
42073,Lawrence,Pennsylvania,County
5029,Conway,Arkansas,County
30075,Powder River,Montana,County
54003,Berkeley,West Virginia,County
53063,Spokane,Washington,County
36075,Oswego,New York,County
26049,Genesee,Michigan,County
17081,Jefferson,Illinois,County
29201,Scott,Missouri,County
42015,Bradford,Pennsylvania,County
8035,Douglas,Colorado,County
17071,Henderson,Illinois,County
22065,Madison,Louisiana,Parish
28151,Washington,Mississippi,County
38017,Cass,North Dakota,County
40141,Tillman,Oklahoma,County
51027,Buchanan,Virginia,County
51630,Fredericksburg,Virginia,City
72009,Aibonito,Puerto Rico,Muno
13017,Ben Hill,Georgia,County
13129,Gordon,Georgia,County
13235,Pulaski,Georgia,County
13293,Upson,Georgia,County
18063,Hendricks,Indiana,County
20029,Cloud,Kansas,County
39103,Medina,Ohio,County
44005,Newport,Rhode Island,County
8063,Kit Carson,Colorado,County
12086,Miami-Dade,Florida,County
17083,Jersey,Illinois,County
19059,Dickinson,Iowa,County
26083,Keweenaw,Michigan,County
28075,Lauderdale,Mississippi,County
47063,Hamblen,Tennessee,County
56017,Hot Springs,Wyoming,County
30039,Granite,Montana,County
31101,Keith,Nebraska,County
5019,Clark,Arkansas,County
13061,Clay,Georgia,County
22017,Caddo,Louisiana,Parish
26043,Dickinson,Michigan,County
42117,Tioga,Pennsylvania,County
51530,Buena Vista,Virginia,City
5031,Craighead,Arkansas,County
9013,Tolland,Connecticut,County
40091,McIntosh,Oklahoma,County
40115,Ottawa,Oklahoma,County
20151,Pratt,Kansas,County
38093,Stutsman,North Dakota,County
47185,White,Tennessee,County
20095,Kingman,Kansas,County
22083,Richland,Louisiana,Parish
48419,Shelby,Texas,County
48433,Stonewall,Texas,County
